course,semester,year,exam_type,question,marks
B.Sc. (CA&IT),1,2023,Remedial,"Write an Algorithm to print ""DCS-GNU"" ten times using loops Write a short note on Primary Data Types Explain Increment and Decrement operators with example Explain Nested if... else statement with proper example What is looping? Explain tor loop with",12
B.Sc. (CA&IT),1,2023,Remedial,Discuss various Flowchart Symbols Discuss basic structure of C Program with example Write a short note on Symbolic Constants,12
B.Sc. (CA&IT),1,2023,Remedial,Write a C program to find largest number among three numbers What is switch case statement? Explain it with proper example Explain goto statement with example Discuss break and continue statement with example Discuss the difference between CUI Vs.GUI,6
B.Sc. (CA&IT),1,2023,Remedial,"Explain MS-Access Object. 2 How to Filtering data in MS-Access? Whatis Website? Describe various text formatting taps of HIME, 4 Differentiate canvas and SVG, 5 Explain <audio® and <video™ tay with required attributes, 6 Explain different types of se",6
B.Sc. (CA&IT),1,2023,Remedial,Explain arithmetic operators and logical operators in JavaScript. 2 Discuss the advantages and features of JavaScript Discuss any five Input and Output Devices. 2 What is Computer? Explain Block Diagram of Computer. 3 List out type of port and Explai,12
B.Sc. (CA&IT),1,2023,Remedial,"How many different ways can gold, silver, and bronze medals be awarded in an Olympic event with 12 athletes competing? Define the term ‘communication’ and explain its features. 2 Explain any five conjunctions and give examples Discuss the effective m",0
B.Sc. (CA&IT),1,2024,Remedial,Demonstrate various Flowchart 06 col BTL3 Symbols. 3 | Summarize Basic Structure of C Program with example. 06 CO2 BTL2 4 | Illustrate Features of C Language. 06 Cco2 BTL4 5 | Explain Increment-Decrement and Relational Operators 06 Cco2 BTL2 with exa,0
B.Sc. (CA&IT),1,2024,Regular,"Discuss rules for preparing Algorithm with example. 5 2 Discuss Basic Structure of C Program with example. . : ' 3 How to define Symbolic Constants in C Language? Explain rules to define Symbolic Constants ; 7 4, What is the use of switch case statem",0
B.Sc. (CA&IT),1,2023,Regular,What is Algorithm? Explain Branching Type of Algorithm with example Create an Algorithm and draw a Flowchart to find sum of all the integers greater than 100 and less than 200 that are divisible by 5 How to define Symbolic Constants in C Language? Ex,12
B.Sc. (CA&IT),1,2023,Regular,Illustrate General Rules for creating Flowchart Write a short note on C Tokens Discuss various properties of Algorithm Write a C Program to find smallest number from given three numbers Discuss switch case statement with proper example Define Terms: ,12
B.Sc. (CA&IT),1,2023,Regular,Define step of Mail Merge What is Batch file? Discuss with an example What is DOS? Explain any five Internal Commands of DOS Write a short note on Custom Animation,6
B.Sc. (CA&IT),1,2019,Regular,"Write the syntax to create, read and delete a cookie using JavaScript Explain CSS background properties with proper example What is Algorithm? Discuss Looping Type of Algorithm with example. 2 What is C Token? How it is useful in C Language? ____3.__",6
B.Sc. (CA&IT),1,2019,Regular,Write 4 short note on factorial notation with example,0
B.Sc. (CA&IT),1,2022,Regular,Illustrate General Rules for creating Flowchart. b) Explain basic structure of C Program with example. c) Create an Algorithm and draw a Flowchart to find sum of all the integers greater than 100 and less than 200 that are divisible by 7. d) How to d,12
B.Sc. (CA&IT),1,2022,Regular,Explain Branching Type of Algorithm with example. b) Write a short note on C Tokens. c) Discuss various properties of Algorithm. 3,12
B.Sc. (CA&IT),1,2022,Regular,"Explain Increment and Decrement operators with example. b) Explain Nested if... else statement with proper example. c) Write a C Program to find smallest numbers among three numbers. 4, Answer the following",6
B.Sc. (CA&IT),1,2022,Regular,"Explain for loop with proper example SECTION-I Answer the following: (Any Five) What is DOS? Explain any five Internal commands of DOS Define terms: Header, Footer, Footnote, Endnote, Drop cap, Watermark Discuss Any five Mathematical Function in MS E",6
B.Sc. (CA&IT),1,2022,Regular,"Differentiate between RAM and ROM. 2 Define the following set by Roaster method. @) A= {x /x isa single digited prime number} (ii) B -{s/x= ne nnsah n+l (iii) C = {x/x? -7=0,xe R} 2 Discuss Isomorphic Graph in detail. 5 Define: Domain, Co Domain and ",0
B.Sc. (CA&IT),2,2024,Remedial,With 06 Cco2 BTL-3 example. 3 | Explain advantages and disadvantages of responsive web 06 Co4 BTL-4 design. 4 | What is an AJAX? Discuss various technologies involved 06 Cco2 BTL-5 in AJAX. 5 | Write a short note on followings. 06 col BTL-2 a.) Offli,0
B.Sc. (CA&IT),2,2023,Regular,"Explain string handling functions with example What is UDI? List out category of UDF and Discuss any one category with example, Discuss structure in detail with proper example What is pointer? How to declare and initialize pointer? Discuss it with ex",30
B.Sc. (CA&IT),2,2023,Regular,Explain advantages and disadvantages of accounting Write a short note on types of account with an example Write a short note on trading account and profit & loss account Write a short note on branches of account What is accounting ratio? Explain clas,12
B.Sc. (CA&IT),2,2023,Regular,Explain types of subsidiary book What is final account? Explain objectives of final account Find out BEP (in unit) and BEP (in rupees) Answer the following Any One) What is Tally? Define features of tally? Write short note on voucher Write a short no,10
B.Sc. (CA&IT),2,2023,Regular,"State the difference between RISC and CISC architecture, 3 What is Addressing Techniques? Explain in details",6
B.Sc. (CA&IT),2,2023,Regular,Explain different types of operating systems Explain different types of registers in processor Draw the block diagram of microprocessor and explain its components Write a short note on plug and play feature What is the use of programming language? Ex,6
B.Sc. (CA&IT),2,2024,Regular,"Provide examples to illustrate these BTL6 | differences. _ | 4 | Discuss the purpose and functionality of dynamic 06 C04 BTL3 i i_memory allocation functions in C. . | 5 | Define the relationship between pointers and arrays in C 06 col BTL2, and illu",0
B.Sc. (CA&IT),2,2019,Regular,Explain types of color space in details Write a short note on Resolution Explain Transformation in Photoshop Describe the Corel draw interface with figure Write steps to move Circle from top to bottom in animation (Synfig studio) Describe the Animati,6
B.Sc. (CA&IT),2,2019,Regular,Discuss any two elements of multimedia Describe important panel and their functions in Animation tool Write a short note on Methods of Accounting. 2 Discuss the Branches of Accounting in detail. 4 Write down the difference between Trial Balance and B,30
B.Sc. (CA&IT),2,2019,Regular,Discuss it with example Explain various characteristics of RISC Machines IV) What is Micro controller? Discuss any one Application of Micro controller Discuss Array Computers Method of Processor Level Parallelism,12
B.Sc. (CA&IT),3,2023,Remedial,Explain in detail Explain type conversation and type casting with example What is Thread? Explain different ways to implements thread with example Explain benefit of generic? Explain generic in detail Explain dynamic array with example Explain in bri,12
B.Sc. (CA&IT),3,2023,Remedial,What is package?,6
B.Sc. (CA&IT),3,2024,Remedial,Explain the types of it. 06 Cco2 BTLI 2 | Write down algorithm for Deque operations. 06 Co3 BTL3 3 | Write down algorithm to insert a node at the beginning of 06 C03 BTL2 the doubly link list Explain its types in detail. 06 co2 BTL4 3 | Explain threa,0
B.Sc. (CA&IT),3,2019,Regular,Explain the types of it Write down algorithm for Deque insert and delete operations Explain different tree traversal method with example Give the difference between SMA and DMA Write down the algorithms for all stack operations Explain binary search ,6
B.Sc. (CA&IT),3,2019,Regular,Describe DIR command with all attributes What is mail merge? Write down steps for mail merge Discuss importance of Freeze Panes and Drawing Tools in Excel What is Excel? Define features of Excel Discuss features of PowerPoint Discuss Data types of Mi,6
B.Sc. (CA&IT),3,2019,Regular,"Discuss different elements of Microsoft Access, ad Define System and Characteristic of a System Explain Need for System Development, List out various Fact finding techniques and describe any one in brief. 2. 3 4 Explain various level of Testing in de",6
B.Sc. (CA&IT),3,2019,Regular,"Draw Case Study for Hospital Management System, 2 Draw case study for Railway Reservation system Explain various data types in Oracle Discuss aggregate functions Discuss GRANT and REVOKE statement in detail Explain Advantages of DBMS. 2 Write short n",12
B.Sc. (CA&IT),3,2019,Regular,"How to create object of Calendar class? List out any six constants of Calendar. 2 Explain method reference in lambda expression, 3 Differentiate HashTable and Vector",6
B.Sc. (CA&IT),3,2019,Regular,Discuss fork/join framework 2 Explain executer in detail,0
B.Sc. (CA&IT),3,2022,Regular,What is data structure? What is Stack? List out the operations of Stack Write algorithm to Push an Itinto the Stack What is simple Queue? Write an algorithm to Insert and Delete Operations of simple Queue. § Explain AVL tree with example What is DFS?,12
B.Sc. (CA&IT),3,2022,Regular,"Explain JDK,JRE, JRE, JIT Which are the ways to implements thread in java? Explain with example Explain access specifier in java",12
B.Sc. (CA&IT),3,2022,Regular,List out any six constants of Calendar Explain method reference in lambda expression Differentiate HashTable and Vector,6
B.Sc. (CA&IT),3,2022,Regular,Discuss Dr What is E-R Model? Explain components of E-R Model Explain 2NF and 3NF Explain Oracle Data Types What is Join? Explain with example and list out types of it What is Sequence? Explain keywords and parameters of Sequence Discuss Role of Data,30
B.Sc. (CA&IT),3,2022,Regular,Define the Scope of Environment. b) Define Terms: Ecology and Ecosystem. c) What is Water Pollution? Define different effects of Water Pollution. d) What is Air Pollution? Describe classification of Air Pollution. e) Write a short note on Global Warm,12
B.Sc. (CA&IT),3,2022,Regular,Define sources of Noise Pollution. b) What is Acid Rain? Discuss effect and solution of Acid Rain c) What is Hazard?,6
B.Sc. (CA&IT),3,2024,Regular,Answer the following: (Any Two) 12 1 | Explain the concept of traversal in trees and list the 06 Co3 BTL-2 different traversal methods. 2 | what are the different types of graph representations? 06 Cco3 BTL-1 3 | Which search technique would you use ,0
B.Sc. (CA&IT),4,2024,Regular,Demonstrate about System Recovery. 06 col BTL3 2 | Explain any six objectives of Distributed Database. 06 col BTL6 3 | Discuss for loop in PL/SQL with example. 06 Cco2 BTL2 Q.3 | Answer the following: (Any Two) 12 1 | Explain components of Package wi,0
B.Sc. (CA&IT),4,2023,Regular,"What is code window? Discuss C# program structure with example Describe Check List Box control with its property, methods, and event Short Note : A) Execute Reader, B) Execute Non Query, C) Execute Scalar What is MDI-Form? Discuss briefly Explain Sol",0
B.Sc. (CA&IT),4,2023,Remedial,"Explain Solution Explorer and Server Explorer in detail. 3 Describe SaveFileDialog and ColorDialog briefly. 4 Discuss Jagged Array briefly with example. 5, Elaborate the concept of constructor and destructor in detail. 6 What is ADO.NET? Discuss its ",6
B.Sc. (CA&IT),4,2023,Remedial,Write a C# code to perform insert operation into a database Explain The Generic PL/SQL block What is exception? Explain User defined exception with cxample Describe fixed-width columns in SQL* loader What is procedure? Explain is with suitable exampl,30
B.Sc. (CA&IT),4,2023,Remedial,"Discuss all properties with example 6 4. | Differentiate Adaptive v/s Responsive Web Design. 6 - “5, | How one can create an alternate and a striped progress bar in Bootstrap? Discuss 6 different classes for the same. [ 6. | Explain different classes",12
B.Sc. (CA&IT),4,2023,Remedial,Define Software Engineering Describe the characteristics of Software Discuss about Prototyping Model. 3 Discuss the advantage and disadvantage of waterfall model. 4 Discuss various consequences of NOT ‘esting a Software. 5 Explain in detail about Sof,30
B.Sc. (CA&IT),4,2023,Remedial,Define advantage of Software Testing Describe RTM in detail Write a short note on Black box and White box Testing Discuss Performance and Security Testing in detail Write a short note on TPI model Write a short note on Web based Testing What is Defec,6
B.Sc. (CA&IT),4,2023,Remedial,Define Taxonomy of Defect Explain Defect Life Cycle,0
B.Sc. (CA&IT),4,2024,Remedial,Demonstrate about System Recovery. 06 col BTL3 2 | Discuss while loop in PL/SQL with example. 06 Co2 BTL2 3 | Demonstrate cursor for loop with example. 06 CO2 BTL3 4 | Explain about Statement Trigger with proper example. 06 CO3 BTL2 5 | Write a PL/SQ,0
B.Sc. (CA&IT),3,2023,Regular,Explain the types of it. 06cozBTLi 2Write down algorithm for Deque operations. 06co3 BTL3 3Write down algorithm to insert a node at the beginning of the single link list.06co3 BTL2 Q.3 (Any Two) L2 1Write down algorithm to insert the node in tree 06c,0
B.Sc. (CA&IT),4,2019,Regular,"Define Assemblies with its Elements List out Category of Toolbox Control and Explain Common Control Discuss advantages of OOPs Define Inheritance in detail Explain Text Box with Property, Methods and Event Discuss .Net Data Provider Write down steps ",30
B.Sc. (CA&IT),4,2019,Regular,Discuss problems with MIS Describe Communication System with an example What is Planning? Discuss Planning Terms (Elements) Write a short note on Level of Planning Write a short note on Seven S-Model Describe Types of Information System and explain a,12
B.Sc. (CA&IT),4,2019,Regular,Discuss different Communication methods. wo What is System? Define Open and Closed System with an example C_ What is Decision Making? Define Phases of Decision Making. 3,0
B.Sc. (CA&IT),5,2022,Regular,"List out validation controls Explain any two in detail with its key properties Explain listbox and dropdownlist controls with example Explain gridview control with properties, events and methods What is web service? How to implement it in ASP.NET app",6
B.Sc. (CA&IT),5,2024,Regular,Also list the name of | 06 Col BTL4 different web servers and browsers. 2 | What is variable? How to declare variable in PHP? Discuss the features and advantages of | 06 col BTL4 PHP What is file? Summarize the file functions with example. 06 co2 BTL,0
B.Sc. (CA&IT),5,2024,Regular,"How can reports be generated in an ASP.NET application? How one can declare a 06 Col BTLS5 variable in PHP? Discuss the types of variable, rules and main characteristics of PHP variable. 2| What different types of error can be reported in PHP?| 06 Co",0
B.Sc. (CA&IT),5,2023,Regular,"ttr' 5) X Ia rl<s 30Collloont's 'l-irr.ononrl' l)lrt(ct'rt IDcllnc ASl'.NE l uncl irdviLniagcs o1-using .,\S1'.i'ill'1-. 06co1 BTI-1 2lliustatc Asp.nct i'rgc l.i1tCil'clc 06co1I J',ll.l 3Lisl artl hricllv cxplain {lve: statrdru'cls r\SI'.;\lr I cottt",0
B.Sc. IMS,1,2020,Regular,List out C Token and explain any four in detail List out Arithmetic operator and explain any four Explain Increment and Decrement operator with example Explain the do...while loop with proper example Explain two dimensional Array with proper example ,6
B.Sc. IMS,1,2020,Regular,Explain Rules to declare Variable in detail Discuss the Data Type in C language What is Procedure oriented language? Explain the important of C language List out the mathematical function and explain any four in two in detail Explain getchar() and pu,4
B.Sc. IMS,1,2020,Regular,"Write a short note on VPN Explain <FRAMESET> tag with suitable example Discuss LAN , MAN , WAN in detail Define table? Explain <TABLE> tag with suitable example Explain arithmetic operator in java script Explain the basic structure of HTML Discuss th",4
B.Sc. IMS,1,2020,Regular,"Give the purpose and syntax of the io following: open(), close(), read() and write() B Howto handle binary files in python? 3 Write a python statement to do the following: Assume that CUSTOMER.CSV file contains ( custid, name, city, gender, r ) incom",0
B.Sc. IMS,1,2022,Regular,Define about the type casting and Explain it with example Explain the use of getchar() and putchar() with example Explain the use of switch statement with example Discuss about break and continue statement with Example Write the short note on arrays ,8
B.Sc. IMS,1,2022,Regular,Explain <TABLE? tag with suitable example. g and <TEXTAREA?> tag in details. 2 Explain <INPUT> tai — END oF PAFER —— GANPAT UNNIVERSITY B.Sc,30
B.Sc. IMS,1,2022,Regular,"Discuss the Components of Open Office in details What is database? How to create database? List out Advantages of open office base? Write a short note on Working with Documents with figure How do user add Watermark in background in OpenOffice? ""ma Yk",0
B.Sc. IMS,1,2022,Remedial,Write down its steps Write a short note on Spreadsheets. yr P How to creating a New Database? List out advantages of OPEN OFFICE-IMPRESS. e,6
B.Sc. IMS,1,2022,Remedial,Define Mail Merge Write down its steps with all option. b Write a short note on Working with Documents with figure. [B] Write use of shortcut:[i] Ctrl+P [ii] Ctrl+G [iii] Ctrl+w (03) 3. [A] Answer the following: (ANY ONE) _ (06) a List out Math’s Fun,6
B.Sc. IMS,1,2022,Remedial,Define Mail Merge- write d0Wn its steps with all option. b Write a short note on working With Documents with figure. [B]_ Write use of shorteut:fi Ctrl4P [ii] Ctrl+G [iii] Ctrl+W (03) 3. [A] Answer the following: (ANY ONE) _ 06) a List out Math’s Fun,0
B.Sc. IMS,2,2020,Regular,Explain the 3 command of DDL with proper syntax. 3 Explain BCNF with example. 4 Discuss the basic structure of DBMS. 5 List out different types of joins Explain inner and self join with example. 6 — Explain serializability of transaction. 7 Explain h,7
B.Sc. IMS,2,2020,Regular,Explain 1st and 2nd normal form with Proper example. 3 Explain SQL with naming rules and convention Explain DML with its 3 commands with proper syntax Discuss the Revoke with Proper example Discuss the set command with example Explain index with its ,8
B.Sc. IMS,2,2020,Regular,"Explain with suitable example What is Computer Network? Explain the use of Computer Network. 2 Write a short- note on wireless network. 3 Describe OSI Model in brief. 4 Define the terms: HTTP and HTTPs, SSH 5 What is WWW? Explain in brief. 6. | Write",8
B.Sc. IMS,2,2020,Regular,"Explain the class of IPv4 Address. 2 Describe the difference between TCP and UDP. 3 Explain TCP/IP Model in brief Describe the term Intranet and Extranet. 2 Give the full forms: STP, UTP, SMF, NIC. 3. | Write a short-note on Ethernet Card Explain Com",0
B.Sc. IMS,2,2023,Regular,Be precise and to thc point in your answer April -June 2023 State the types of scope in Group Policy? Any One) What is IPv4? Explain the classes of IPv4 Explain event log in brief Describe the advantages of filc server List out the editions of Window,4
B.Sc. IMS,2,2023,Regular,"Discuss the lub Sivitch and Router in Network Terminology Explain the physical, Data-ink and Network Layer of OST mode Discuss the Asynchronous Iransfer Mode (ATM ) in Network Terminology Q-2 What is computer Network? Explain the need and advantage o",5
B.Sc. IMS,2,2023,Regular,"Explain Arithnietic Operators and Logical Operator in java List out data type of java and explain it Give the differences between while loop and do...while loop Explain try, catch and finally block in Exception. exan1ple of to implementing interfaces",0
B.Sc. IMS,2,2022,Regular,What is computer network? Explain any three types of computer network with example? 2 Describe the types of scope in Group Policy? 3 Describe the services provided by Active Directory Domain Services? 4 What is DHCP? Explain the feature of DHCP. 5 Wh,15
B.Sc. IMS,2,2022,Regular,"Explain any three types of . . . com) ample? Describe the types of scope in Group Policy? puter network with example’ 1 2. 3 Describe the services provided by Active Direct . : 4 Explain the feature of DHCP, Dain Services? 5 Explain in brief, 6 Write",7
B.Sc. IMS,2,2022,Regular,List out data type of java and explain it Explain while loop with example. 2 Explain nested if statement with example Explain final keyword in detail with suitable example. 2 What is an Inheritance? Explain the types of inheritance What is the use of,0
B.Sc. IMS,3,2022,Regular,"Describe the main difference between IPv4 and IPv6 Define these keywords: Routing, Routing table, MAC table E. — Give the full form: DR, BDR, BGP, LSA, CIDR F Define network security and its threat Describe VLAN and its usage in brief Explain subnett",6
B.Sc. IMS,3,2022,Regular,"Explain any one with example Describe: Port vs Socket C. — Explain OSI layer in brief 3 Define these terminologies: LAN, WAN, WLAN B Describe: Router vs Switch vs Hub C",5
B.Sc. IMS,3,2022,Regular,"Define these keywords: VPN, ACL C. — Explain NAT and its type Write a short note in DNS hierarchy in detail with proper example Explain the client server architecture in detail with proper example Explain DORA process in detail What is the difference",5
B.Sc. IMS,3,2022,Regular,How to change file permission? Explain with example. 3 What is DHCP? Explain DHCP configuration in brief Discuss features of Apache HTTP server. 4 Explain basic configuration of mail server. @ B What is the role of the NSS? How to identifying files i,8
B.Sc. IMS,3,2022,Regular,Explain in brief Explain it,0
B.Sc. IMS,4,2020,Regular,What are the different types of Assembly? Explain Link Button control with properties and Events Write a short note on Theme Explain the ADO.NET architecture What is Skin file? Explain the types of Skin file Explain Dynamic Compilation in detail Expl,0
B.Sc. IMS,4,2023,Regular,Explain Command Class with methods Describe a Control trees What is use of Panel Control? Explain properties of panel control What is CLR? Explain in Detail Explain CompareValidator with properties What is use of ImageButton Control? Explain with Pro,0
B.Sc. IMS,4,N/A,Regular,Explain Button control with properties and Events. ‘6 What is Skin file? Explain the types of Skin file. d Explain Textbox control with properties and Events. e Explain the ADONET architecture in detail Explain CompareValidator in detail. g Whatis Dy,7
B.Sc. IMS,4,N/A,Regular,"Describe the Services of MAN and WAN. 2. 3 Write the full forms of following terms: MAC, VPN, SONET, SDH, DAS. 5 What are the effects of TCP on Application Performance? Define the keywords: Tactical Goals, strategic objectives",0
B.Sc. IMS,5,2020,Regular,What is use of File Upload Control? Explain with property. b Culture name having how many parts? Explain with example. c Explain property of LoginStatus control with possible and default value. d What is use of MultiView control? Explain with command,4
B.Sc. IMS,5,2020,Regular,"Explain with property Explain <%@ Register %> directive with three attributes. 3 How you can set UICulture and Culture properties in web configuration » file. 4 Write Down the step to create LINQ to SQL Classes What is the use of Validate(), EndEdit(",0
B.Sc. IMS,5,2022,Regular,Answer the following: (ANY THREE) What is migration toolkit in virtual server 2005(VSMT)? Explain in brief Describe the steps to create the virtual machine using script Explain the types of Virtual Disk Write a short note on LPT port Explain the Star,3
B.Sc. IT,1,2020,Regular,Explain formatting documents with figure in detail What is mail merge? Write down its steps with all options Write down any five date & time function List out types of charts Write down the steps for creating charts. —E Discuss the menus of math with,30
B.Sc. IT,1,2020,Regular,Explain with figure Whats difference between primitive and Non primitive Data Structures? eo C Write an algorithm for the operations on stack Define a linked list Write the advantage and disadvantage of lined list? Define a circular linked list? Writ,30
B.Sc. IT,1,2020,Regular,Explain Customer Journey for any ecommerce website Explain in brief : Admin Store Panel List out types of products in magento and explain any 2 in details Explain Catalog Price Rules with suitable example Explain Free shipping and Flat rate shipping ,8
B.Sc. IT,1,2022,Regular,Explain if...else statement with example What is variable? Explain declaration and initialization of a variable Explain all arithmetic operators with proper example Write the short note on “Define Symbolic Constants” Explain break and continue statem,6
B.Sc. IT,1,2022,Regular,Explain Declaration and Initialization of one dimensional array with example What is function? Explain categories of function Answer the following: (ANY ONE) ‘ What is structure? Write the syntax of structure and explain it with example Explain “arra,8
B.Sc. IT,1,2022,Regular,Define Mail Merge Write down its steps with all option. b Define Watermark Write down its steps with all option. c List out types of charts Write down steps to Creating Charts. d Discuss the Menus of Open Office-Math with figure Write a short note on,8
B.Sc. IT,1,2022,Regular,Write down its steps How to select the application package? Write down its steps. c Write a short note on Working with Documents with figure. [B] ___is the extensions file are saved in impress List out Date Time functions Explain any three function w,6
B.Sc. IT,1,2022,Regular,Write a short note on Backup and Restore,30
B.Sc. IT,1,2022,Regular,"Explain any Four tenses with its forms, uses and examples What are the various modes of listening with examples? What is Reading? Explain the various types of reading with examples Explain the flow and methods of communication What are the tips for e",0
B.Sc. IT,2,2020,Regular,What is normalization? Explain any two normal form in detail Explain the architecture of database system in short What is the use of Join? List out different types of Join Discuss any one with example Which are different types of data types? Explain ,7
B.Sc. IT,2,2020,Regular,Explain structure of database system in detail with appropriate figure What is the meaning of RDBMS? Discuss any five Codd’s rules in detail What is transaction? Explain the different ACID properties of transaction Write a short note on INDEX Whatis ,0
B.Sc. IT,2,2023,Regular,"Discuss responsibilities of Database Administrator Explain IDML Commands with example Briefly discuss about Problems of concurrent cxecution of Transactions What is Constraints? Explain Primary Key, Foreign Key and CHECK constraint with example Expla",0
B.Sc. IT,2,2023,Regular,"C. wb i the vod they :ad I xnple: Antomo is oe of loe people whevy puviat npular I Iatsa piewntaion"" Wht ate te omponenl, ofa preentato? I would have passed the exam if I had studied harder What are the steps for preparing effective physical presenta",0
B.Sc. IT,2,2022,Regular,Explain basic concepts of OOPs Discuss arithmetic and relational operators with example in JAVA. 1 Explain any two Inheritances with suitable example Discuss switch statement with suitable example in JAVA. ¥ What is a constructor? Explain with proper,30
B.Sc. IT,2,2022,Regular,Explain its advantage Explain types of network model Give the difference between OSI Vs TCP/IP models Explain ATM in detail Explain X.25 protocol in brief Explain NIC card Explain TCP and UDP protocol Explain different classes of IP addresses Explain,0
B.Sc. IT,3,2022,Regular,"Answer the Following(Any seven) 1 What is Data Structure?Explain it. 2 Explain Double Linklist with Any five Algorithms. , 3.'Explain Polish Notation (Prefix, Infix, Postfix). °, - Explain Non Linear Data Structure Explain Explain, Height Balanced Tr",30
B.Sc. IT,3,2022,Regular,"List out the benefits of ERP to the organization Discuss different features of Python How does List differ from Tuple? BSA > What is Exceptions? Explain handling an exception condition with suitable example F, What is Python Module? Explain creation ",6
B.Sc. IT,3,2022,Regular,Explain any three functions of String Explain it with suitable example What is Constructor? Explain how to declare and use constructor in python program Explain any three Structure tools used to design E-Commeree/WEB-SITI Answer the following: (ANY O,10
B.Sc. IT,3,2022,Regular,Which are the types of cursors? Explain in detail. - II Discuss the use of procedure with suitable example IM What is trigger? Explain its types with suitable example Whati is OSI Model? ‘Explain the funeis and Protocols find services of each layer W,8
B.Sc. IT,3,2022,Regular,Prove that De Morgan’s laws Explain Cartesian Product of Two Sets with an example Answer the following: (Any One) How many ways can the letters can be arranged? HIPPOPOTAMUS (b) CALCULATOR In how many different ways can the letters of the word 'INDIA,0
B.Sc. IT,4,2022,Regular,Define MIS Mention the usefulness of MIS Explain Closed System and Open System with example for each Mention the roles and responsibilities of bottom level management Mention working functionalities of payroll management system. 2,10
B.Sc. IT,4,2022,Regular,What is communication with regards to MIS? Discuss methods of communication in brief Explain the concept of system boundaries in detail. 3 Explain Seven-S Model in brief Write a short note on decision support system. bg C Discuss working of managemen,4
B.Sc. IT,4,2022,Regular,How can we control air pollution? Explain the common sources of water pollution? How can we control water pollution? What is Disaster? What are the different types of Hazards?,0
B.Sc. IT,4,2020,Regular,Explain the different features of WordPress. © What is Post in WordPress? Explain in brief Explain the features of WordPress-SEO-Plugin-by-Yoast What is HTML? Explain the features of HTML What are the features of WordPress Theme? Explain in brief Wha,0
B.Sc. IT,4,2023,Regular,What is MIS? State any three annlication areas of MI Write a note on Transaction Processing System Discuss the role of Executive Support System. at iS Tormal planning? Mention the benefits of formal planning Discuss descriptive decision model for dec,0
B.Sc. IT,5,2022,Regular,Answer the following: (ANY SLX OUT OF EIGHT) What is Magento? Write down the complete installation steps to install Magento in your local machine List out and explain any 4 menu options available in sidebar of the admin store panel Explain configurab,30
B.Sc. IT,5,2022,Regular,What is Regular Expression? Explain Sequence character of Regular Expression using example How to handle binary files in python? How to create data frame using Pandas? Explain the process of data cleansing using suitable example Discuss various Opera,5
B.Sc. IT,5,2022,Regular,Write down applications of Al What is NN? Explain architecture of NN in detail Define fragmentation Explain types of fragmentation in detail What is deadlock? Explain deadlock prevention schemes Explain Memory Management in Linux Explain Looping stat,8
B.Sc. IT,5,2022,Regular,Explain the functions of Operating System What is PCB? Explain each part of PCB in detail Explain Monolithic Structure of Operating Systems,6
B.Sc. IT,1,2024,Regular,"List out Types of Algorithm Discuss any one in detail with example. 13) i] (5) 2 What is Flowchart? Discuss various Flowchart symbols Discuss Basic Structure of C Program with example. [6] 2] it} [5] 4, Write a short note on C Tokens. 4] [2] fl 15] 5",0
B.Sc. IT,1,2023,Regular,"Explain different methods for SET representation with example Explain Row matrix, Column matrix, Square matrix, Equal matrix, null matrix with example Discuss the Homeomorphic Graph in details E Explain various types of functions with example How man",0
B.Sc. IT,1,2024,Remedial,"Classify its types. 06 COl | BTI en | 2 | Compare DOS and Windows. 06 | cor | BT 5 : 3 | Discuss below commands 06 Co2 TL: getmac, ipconfig, tracert pie Q.3_| Answer the following: (Any Two) 12 1 | What is Process? Classify Process State Di ; Diagram",0
B.Sc. IT,1,2019,Regular,Discuss various Flowchart Symbols. is Variable? How to declare Variable? Discuss various Variable nage Discuss data types with storage rang in detail with example. if we don’t use break in switch what is the effect of it? Explain Switch with example ,30
B.Sc. IT,1,2019,Regular,Discuss its advantages and disadvantages What is HTML? Explain HTML document structure Discuss web designing principles in brief Explain each of one by giving an example Explain <a> and <img> with example. wv 6 Discuss in brief: 1) internet 2) intran,12
B.Sc. IT,1,2019,Regular,Explain any five of it with example Explain graphics elements of HTMLS,6
B.Sc. IT,1,2019,Regular,What is Javascript? Discuss its advantages and disadvantages. 2 Explain HTML document structure. 3 Discuss web designing principles in brief. 4 Explain each of one by giving an example. 5 Explain <a> and <img> with example. 6 Discuss in brief: 1) int,12
B.Sc. IT,1,2023,Regular,"AnY Five) Wh""t it """" algorithm? Write down rules and steps to develop an algorithm. algorithm and draw a flowchart to Write down an algorithm and draw a calculate the area ofcircle Discuss the features of C language. @e of relational, logical and inc",30
B.Sc. IT,1,2023,Regular,"Explain its types. 06co1BTLl JCompare DOS attacks with DDOS attacks. 06co3 BTL4 4How phishing attacks are used by hackers? Explain the types of phishine attacks.06co3 BTL3 5Wt ""t it A""tnentication? Explain different Authentication methods with releva",0
B.Sc. IT,2,2022,Regular,"Explain in brief active attacks, What is use of proxy server? Explain in detail What is Phishing? Explain Digital forensics life cycle. rN aAwes YP NS Describe are the challenges exist in India with regard to the law and cybercrime scenario in India ",12
B.Sc. IT,2,2022,Regular,Explain Advantages of Java Script,12
B.Sc. IT,2,2022,Regular,Explain with example,6
B.Sc. IT,2,2022,Regular,"List out tools used for Pen testing Briefly explain: What is Click jacking? What is RPM? How to manage software using RPM? Explain Linux components What is shell? Explain types of sheil D Write down command and use of chmod ipasswd,pwd,ping,tracert ¥",6
B.Sc. IT,2,2023,Regular,How can you initialize two dimension arrays at compile and runtime? Il) What is UDF? List out various categories of UDF Explain any one of them with suitable example What is Pointer? Discuss advantages of pointer,12
B.Sc. IT,2,2023,Regular,Explain different string manipulation functions with suitable example Write a C program to arrange accepted numbers in descending order using single dimension array I11) What is recursion? Discuss it with suitable example. 3,12
B.Sc. IT,2,2023,Regular,Discuss array of structure with example Any One) 1) What is macro substitution? Discuss Simple macro substitution with example Write a short note on Key Events used in JavaScript? What are DoS and DDoS Attacks? Explain in brief Explain given Terms: i,12
B.Sc. IT,2,2023,Regular,Explain Basics of cybercrime What is cyber stalking? How to prevent it? Explain the Cyber Crime Trend in detail Define Information Security. : ANSWER THE FOLLOWING QUESTIONS,12
B.Sc. IT,2,2023,Regular,Explain its types What is Digital Forensic? Explain types of Digital Forensic Explain Computer Forensic Challenges Describe the strength and limitation of India IT Act 2000 What do you understand by the salient feature of Indian IT Act? Discuss the f,0
B.Sc. IT,2,2024,Regular,Describes its advantage. 06 COS BTLI | 2 | Write a program in C to find the maximum and minimum 06 col BTL6 i element in an Array. | 3 | What do you mean by recursive function? Explain with | 06 co2 BTIL4 | example. | 4| Define union Give the differe,0
B.Sc. IT,2,2024,Remedial,Write short note on LVM. 06 col BLT-2 06 co2 BTL-3 Explain different types of editors in Linux Describe command line arguments. 06 Co3 BTL-2 Explain while loop and for loop with examples. 06 co4 BTL-3 Explain Network Configuration and Troubleshooting,0
B.Sc. IT,3,2023,Remedial,Explain any two level of RAID in detail Write a short note on Network IP Address Discuss Manual Pages with all options in brief What is Shell? Write down advantages and disadvantages of Shell Script Discuss all commands which are working with file co,12
B.Sc. IT,3,2023,Remedial,"Explain URL, URLConnection with example",6
B.Sc. IT,3,2023,Remedial,Explain advantages of it Explain method and constructor reference of lambda expression. ceeseeee -------- MALE AL UINIVERSEPY f B EXPLAIN IN DETAIL DIFFERENCE BETWEEN IPV4 AND IPV6 EXPLAIN DELIVRY & ROUTING OF IP PACKET EXPLAIN PROCESS TO PROCESS COM,0
B.Sc. IT,3,2024,Remedial,What is E-R diagram? Explain components of it What is normalization? Explain Boyce/Codd normalization in details Answer the following: (Any Two) Define constraints? Explain primary key and foreign key in detail Describe different types of Joins in SQ,0
B.Sc. IT,3,2022,Regular,Discuss component of Linux Operating System Give difference between Linux and Unix Explain all Filters in detail What is Shell? Write down advantages and disadvantages of Shell Script Discuss File Globbing in detail Differentiate YUM V/S RPM Explain ,30
B.Sc. IT,3,2022,Regular,Explain Hierarchical Data model What is E-R model? Explain various component of E-R model What are constraints? Explain all constraints Define the categories of Data Manipulation Language with example Explain any five-aggregate function with example ,6
B.Sc. IT,3,2022,Regular,Discuss grant and revoke permission with example. 2 Explain view with example Explain type conversation and type casting with example What is multi thread? Explain different way to implements thread What is inheritance? Explain in detail Explain Arra,12
B.Sc. IT,3,2022,Regular,Differentiate between abstract classes with interface,12
B.Sc. IT,3,2022,Regular,Explain TCP/IP Server Socket with example,6
B.Sc. IT,3,2022,Regular,Explain Generic functional interface of lambda expressions Discuss various Network Topologies in brief Explain OSI Model in brief Write down difference between IPV4 and IPV6 Explain sliding window protocol in brief Write a short note on switching Wri,12
B.Sc. IT,3,2022,Regular,"Discuss the Scope of Environment. 2 Describe the Components of Ecosystem. ss The Hydrologic Cycle. y the following: (Any Two) (42) the Air Pollution in brief. 2 Discuss the Source, Effects and the way of control the Noise (8) ance of Police as a Loca",0
B.Sc. IT,3,2023,Regular,"Explain.omp*ent, nf it 06co2 BTL5 3t.-,crlne norrnatv.auon'l Bxplaln 1', and 2ro nonnalization in details.06co2 BTL2 Q.3 g: (Any Two)12 1Define.constru* in detail.06co3 BTL2 2 p ano NU Ltlxls'ls operator in sQL. 06co4 BTL2 3 ggregate t unctlons with ",0
B.Sc. IT,3,2024,Regular,Explain relationship of E-R-diagram BTL2/BTL4 in details. 3 | What is normalization? Analyze first and second normal 06 CO2 | BTL2/BTL4 form in details Q.3_| Answer the following: (Any Two) 12 1 | What are constraints? Explain with example. 06 CO3 BT,0
B.Sc. IT,4,2022,Remedial,State the importance of Facebook Privacy settings in details Explain the paid Lead generation campaign in Facebook Discuss the IT Act 2000 in details Explain Stalking and harassment with example State the importance of Social media Group and Forum Di,12
B.Sc. IT,4,2022,Remedial,Describe the top ten social media challenges in current scenario Explain the basic social media security in brief Describe Software Testing Life Cycle Explain Black Box Testing Differentiate b/w Stress and Load Testing What is Test Strategy? explain ,6
B.Sc. IT,4,2022,Remedial,"Explain Defect template Repon, ND O E) Fp APER Pagey ofa oe",30
B.Sc. IT,4,2022,Remedial,Explain Transaction recovery in detail List out twelve distributed database objectives Explain PL/SQL advantages and draw generic structure of block What is trigger? Explain it in detail What is Data Pump? Explain fine grained object selection in det,0
B.Sc. IT,4,2023,Regular,What is file system? Discuss types of file system in detail Explain system logging and logoff activity in detail Write a short note on prefetch file Describe data destruction in detail List out types of user account and Explain it in detail Define fo,12
B.Sc. IT,4,2023,Regular,"Explain in detail Which functions are use to get the metadata information of database, table and row of mysqli Explain in brief $_SESSION Discuss cross site scripting and modify form fields Write a short note on Virtual Private Network Explain the fe",0
B.Sc. IT,4,2024,Remedial,Explain ACID Properties of 06 col BTLI transaction. 2 | What is PL/SQL? Discuss the benefits of PL/SQL over 06 Cco2 BTL1 SQL. 3 | Give the difference between procedure and function. 06 Cco3 BTL4 4 | Explain the General Architecture of Moving Data. 06,0
B.Sc. IT,5,2023,Remedial,What is OHA? Describe the advantages of android. 2 Describe the Androidmanifest.XML file in detail. 3 Explain Spinner and Date Picker control with suitable example. 4 How to use Alert Dialog in android app? 5 Write a short note on List View. 6 What i,30
B.Sc. IT,5,2023,Remedial,Discuss it with example. f) What is WordPress Post? How to create and publish WordPress Post? g) Discuss WordPress Plugins in brief,12
B.Sc. IT,5,2023,Remedial,Discuss it. b) Explain various user roles available in WordPress,30
B.Sc. IT,5,2023,Remedial,"Discuss Feature of Software. 2) Write ashort note on Layered technology of Software Engineering. 3) Write ashort note on The Waterfall Model. 4) Discuss The Spiral Model. 5) Describe Business Process Engineering, 6) Explain the Concepts of Data Model",12
B.Sc. IT,5,2023,Remedial,Define Elements of Analysis Model. 2) Discuss Flow Oriented Modeling Strategies. 3) Explain Computer Based System. 4,6
B.Sc. IT,5,2023,Remedial,Discuss Validation Testing,0
B.Sc. IT,5,2024,Remedial,List out the android versions with features. 06 col BTL3 3 | Explain various Edit Text in android. 06 CO2 BTL6 4 | What is Layout? Describe its common attributes in detail. 06 CO3 BTL1 5 | Explain Grid View in detail. 06 CO3 BTL6 6 | How to update a ,0
B.Sc. IT,5,2022,Regular,Illustrate the Android SDK with their codenames Write a short note on List View Explain Linear Layout with suitable example What is Shared Preference? How to use it? Ss: Re ee What is reverse engineering? Discuss the android application resources in ,6
B.Sc. IT,5,2022,Regular,How to extract the details from APK file? 2 How to modify the code in android APK file?,30
B.Sc. IT,5,2022,Regular,Discuss it with example. b) Explain inheritance in PHP with example. c) Discuss Abstract Class in PHP with example. d) Write a short note on PHP Namespaces. e) Differentiate PDO Vs MySQLi. f) What is WordPress? Discuss advantages and disadvantages of,12
B.Sc. IT,5,2022,Regular,Discuss advantages of OOPs What do you understand by Just In Time compiler? Explain its types,12
B.Sc. IT,5,2022,Regular,"Explain session in ASP.NET Discuss skin file, theme and stylesheet with example Discuss available .net data provider Explain cross site request forgery with ASP.NET application",30
B.Sc. IT,5,2022,Regular,Explain various types of software in brief Discuss Waterfall model in brief Explain Business Process Engineering in brief D) Discuss Data Modeling concepts in brief E) Explain Spiral model in detail Explain process pattern in brief List out various s,12
B.Sc. IT,5,2022,Regular,Discuss various design models in brief,0
B.Sc. IT,5,2023,Regular,Anr 5) 1IJ;tplain tltc histoq' atttl cvolrr1ior oltcratittg s)'stclll liurv Llicl ihr: contribtrtc to its dcvclqrrrrc'q!'?- l)cllne the basic Android apPJ fesoll rces. 3Dcsign auc[ inrltlctllont il llscl I applicatioL'L thal allou's [iic ttsct tlcl;r,0
B.Sc. IT,1,2024,Regular,What is Flowchart? Write a short note on C Tokens What is Variable? Define various Variable declaration rules. 31 [2] I (51 4 Describe Increment and Decrement operators with example. 16) 13] ul [5] 5 Write a short note on Switch Case Statement. iW I],0
B.Sc. IT,1,2022,Regular,Discuss various Flowchart Symbols. b) Explain basic structure of C Program with example. c) Write a short note on Symbolic Constants. d) What is Logical Operator? Write a C program to find smallest number among three numbers. e) Discuss switch case s,6
B.Sc. IT,1,2022,Regular,Explain for loop with proper example. b) Discuss break and continue statement with example What is documentation? Explain different views of document. 2 Describe the ways of Addressing Modes with example. 3 Write a short note on Conditional Formattin,0
B.Sc. IT,1,2023,Remedial,What is regression? Why it is used? What is data visualization? What is data science? Explain the process of it Explain confusion matrix Which phenomena indicate that model is over fitting? Define the following terms in context to the statement: “Dat,12
B.Sc. IT,1,2023,Remedial,"State True or False (A function is onto when its range and codomain are equal (ii) Function cannot return more than one value ata time 22> R, f(x) = 1 then given function is called constant iii) If function How many different ways can gold, silver, a",0
B.Sc. IT,2,2023,Regular,Discuss Two-Dimensional Array with Example What is UDF? Why we need a User Define Function? Explain Nesting of functions with example Discuss structure within structure with example Explain the difference between call by value and call by reference w,6
B.Sc. IT,2,2023,Regular,Explain Grant and Revoke features of DBMS with example. 2 State the difference between CISC & RISC computer architectures Describe the 8085 Microprocessor pin diagram with figure Explain Excess — 3 Code in Detail. 2 State the difference between Micro,6
B.Sc. IT,2,2023,Regular,Discuss Do’s and Don’ts of Group Discussion,0
B.Sc. IT,2,2024,Regular,Explain Declaration and 06 col BTLS Initialization of String Variables. _ _ i | 3 | Discuss Elements of user defined function. 06 | CO2 BTL3 i 4 | What is the difference between call by value and call 06 Cco4 BTL4 by reference? Discuss it with exampl,0
B.Sc. IT,2,2024,Remedial,"Explain String Handling functions with example. 06 Col BTLS5 3 | Discuss Scope, Visibility and Lifetime of variables 06 Cco2 BTL5 with example. 4 | What is Pointer? Discuss pointer and array with 06 co4 BTL3 example. 5 | Write a short note on Union D",0
B.Sc. IT,3,2022,Regular,Explain the operations of Stack with an example What are the Differences between the Deque vs Circular Queue Create algorithm for inserting an element in circular link list Explain Binary Search Tree with example Describe Types of Searching. oS oe oF,6
B.Sc. IT,3,2022,Regular,Explain any six SQL* loader commands. 2 What is SQL*loader? Explain SQL*loader datatypes What is Object-oriented Programming? Explain the advantages of using OOPs. ~2:° Explain the use of super and this keyword with a suitable example. : _3 Describe ,12
B.Sc. IT,3,2022,Regular,"Discuss Ozone Layer Depletion - Cause, Effects, And Solutions. 2 What is Disaster? Write short note on Disaster management Cycle. 3 Discuss the Residential and Industrial Fires Prevention tips in brief. 4 Discuss Role of Local Institutions: - Media i",0
B.Sc. IT,3,2023,Regular,"Find a loot of the eqLnticur xr } - -i _,- 0 using the 06 secant r.ncthod correct to 1luee dccimal places Find the min value of C, L (v) rind al-i<r''f i, .:) Describe p.oLr^Lriiitv ntass lirncrion anci plobaltilitv clcnsity lunction rvitl'r cxatrplc",0
B.Sc. IT,3,2024,Regular,"CO3 6 | What is a Data Structure? Explain different types of data 06 col BTLI, structures, their uses, and provide examples BTL4 7| What is Stack? Write down algorithm for stack 06 Cco2 BTL2, operations How are they co2 evaluated? Illustrate with exa",0
B.Sc. IT,4,2024,Regular,Elaborate the uses and advantages of 06 CO1 | BTL2/BTL4 jQuery. 3 | Analyze the jQuery plugging in details. 06 CoO2 BTL4 Categorize different background properties of CSS3. 06 CO3 | BTL2/BTL4 Explain the use of animation with different properties 06 ,0
B.Sc. IT,5,2023,Regular,"Explain it with example.06col BTL4 Q.3 (Any Two) t2 1Difference between List and Tuple in Python 06coz BTL6 2Describe the ""zipfile"" module in Python 06co3 BTL3 aJExplain the ""Pickle"" module in Python 06co4 BTL3 Q.4 (Any One) 06 1What is NumPy, and ho",30
B.Sc. IT,5,2024,Regular,Give examples 06 col BTL3 of each. 2 | What is a set in Python? How is it different from other 06 col BTL4 data types like lists and tuples? 3 | What is the difference between a function anda method in| 06 co2 BTL4 Python? Provide examples. 4 | What ,0
MCA,1,2020,Regular,Explain if...else statement with example What is variable? Explain declaration and initialization of a variable Explain all arithmetic operator Write the short note on “Define Symbolic Constants” Explain break and continue statement with example What,30
MCA,1,2020,Regular,Discuss the file modes supported in Python What is Regular Expression? Discuss the special characters and quantifier. is} Discuss following two methods: 1. pieQ 2. barQ) Write a short note on Tuple with example Explain the applications of Al What is ,0
MCA,2,2022,Regular,What is Group Discussion and what are the characteristics of effective group discussion? Explain its various types of conditionals with example Explain various types of Concords with examples What are the steps in writing a formal email? Describe the,30
MCA,2,2022,Regular,Explain features of JAVA. f) = Discuss any two operators with example in JAVA Explain class and method with proper example What is Inheritance? Explain with suitable example Define types of loop Explain FOR loop with example Discuss wrapper classes i,5
MCA,2,2022,Regular,Discuss switch statement with example Explain IF ELSE statement with example in JAVA What is a constructor? Explain with example Explain method overloading and method overriding in java. [B] Define term garbage collection What is Interface? Explain w,30
MCA,2,2022,Regular,"Explain its advantages Write a short note on NIC card. © S AAA aw NPE Explain Categories of computer network Explain OSI model in detail Explain Mesh and Star Topology, Explain SNMP and SMTP protocol, Explain TCP and UDP protocol in details Explain L",0
MCA,1,2022,Regular,List out and explain features of C Language Write Steps to execute a C Program List out and explain Data Types in C Explain Type Conversion with example Explain Nesting of IF ELSE with example List out types of Array Explain any two with example Expl,8
MCA,1,2022,Regular,Explain any three formatting tags with proper example Explain all attributes of < MARQUEE > tag. 5 Explain any three input tags with example Answer the following: (Any Five) Write a short note on: Mail Merge What is Macro ? Explain macro with suitabl,0
MCA,2,2020,Regular,Discuss java tokens in detail What is Inheritance? List out types of Inheritance Explain any two Inheritances with suitable example List out types of loops in JAVA Discuss FOR loop with example Discuss method overloading and method overriding with ex,0
MCA,2,2023,Regular,"Write a sentence using a collocation :cyber security Do as directed: He 'make') She consult a doctor as her condition is worsening Discuss the boredom factors in presentation skills has, had / What do you mean by Group Discussion? explain its types W",0
MCA,3,2022,Regular,Discuss Non-Linear data structure in detail Differentiate: Stack v/s Linked List Describe various types of Queue with example Write down algo for Deletion in Simple Queue Explain different representation of Binary tree Explain the different represent,30
MCA,4,2020,Regular,What are the difference between Client and Server Side Technology ? What is CSS ? Explain the advantages of CSS inside HTML What are the differences between Get and Post methods Write a short note on : Google Analytics Plugin What is PHP ? Explain th,0
MCA,4,2022,Regular,What is communication? Write short note on Communication System and methods Explain Seven-s Model in Brief Write Roles of all three Management Levels Write difference between M-commerce and E-Commerce ‘Section-2 Answer the following Questions [Any On,8
MCA,4,2022,Regular,Explain it with suitable example. 3,8
MCA,4,2022,Regular,Explain the features of MySQL. 5,7
MCA,4,2022,Regular,What are the features of PHP ? 2) What is Array ? Explain the different type of Array in PHP What is android manifest file? Explain in brief What is code name? Discuss versions of android Write down the difference between JVM and DVM List out the typ,0
MCA,5,2022,Regular,Explain Magento Architecture in detail Explain Attribute set with example Explain any one in detail Write down and explain steps for checkout process Howto use catalog price rules ? Explain it with suitable example F What is quick search ? Explain in,30
MCA,5,2022,Regular,Write a short note on Set Theory,10
MCA,5,2022,Regular,Prove any one De Morgan’s laws How many different license plates can be printed? Plate number like ex : GJ 1 68 How many ways can the letters can be arranged? Explain Bipartite graph in detail,8
Unknown,2,2023,Regular,"State different File Object Methods and explain any two with example Discuss the Python Regular Expression Special Sequences with example List the different operation performed on Data Frame Explain isnull(), fillna() and replacc() with suitable exam",0
M.Sc. IT,3,2022,Regular,II What is meant by the semantics of a natural language? Explain with some example IV What is the tokenization in NLP? Why do we need tokenization? V_— What is Text Mining? What is the difference between text mining and NLP? VI Why and how is a n-gra,8
M.Sc. IT,3,2022,Regular,How the class FreqDist works? II What is bigram and trigram in NLP? Ill What are POS tags in NLP? What is the purpose of using Named Entity Recognition (NER)? 3 Il What is the confusion matrix? Choose the correct answer from the following choice (01),6
M.Sc. IT,3,2022,Regular,Explain Mini-batch k-means clustering algorithm List down the linkage methods in hierarchical clustering Explain any three methods in brief What is bias? Explain bagging ensemble learning with proper example Write down the steps for performing the Ad,30
M.Sc. IT,3,2022,Regular,Explain the key features of Reinforcement Learning Explain how does Reinforcement Learning Work? How bell-man equation is used in RL to find optimal policy? List out an activation functions used in ANN and explain any 2 in details F. _ Whatis the rol,0
B.Sc. IMS,1,2020,Regular,Explain the NTFS file system features Explain in depth partitioning of disk Explain disk quota and disk defragmenter What is a shared folder? Explain the methods of Sharing folders What is malicious software? State the difference between remote deskt,6
B.Sc. IMS,1,2020,Regular,Explain any two non-generic collections with its major methods and properties Explain MDI form in details Explain GroupBox and Panel controls,8
B.Sc. IMS,1,2020,Regular,Write down C# code to perform insert and update operation on Book table Explain the compilation process of android application I Whatis R.java? Explain any two android resources in detail IV What is Activity? Explain the lifecycle of Activity in brie,4
B.Sc. IMS,1,2020,Regular,"What is event? Explain Event Delegation Model in details What is cookie? How to create, delete and get cookie with example Give a difference between ServletConfig and ServletContext Write a step with example to sending mail using java mail API. @) i ",8
B.Sc. IMS,1,2020,Regular,List out types dialog box and explain any one type of dialog box in details? Write a short note on JFrame Discuss JButton and JTextfield components. 3 Describe various implicit objects in JSP Give suitable example What is XML? List out rules for vali,0
B.Sc. IMS,1,2022,Regular,State the difference between Linux and Windows Describe Linux File System Structure in brief What Is Linux? Describe the features of Linux What is physical volume in LVM? Explain in brief Discuss the features of Open SSH. a oe Write a short-note on h,15
B.Sc. IMS,1,2022,Regular,Explain any 3 Keywords in detail What is Python comments? How you can do comments in python code? Explain in detail with example Explain arithmetic operators with proper example in python Explain If-else statement and Write code to print the largest ,4
B.Sc. IMS,1,2022,Regular,Explain with proper example Describe for loop with example Explain the datatypes to which is store the data in a key-value pair format Answer the following: (ANY ONE) Explain Python Exception with its common types What do you mean by Class and Object,0
B.Sc. IMS,2,2022,Regular,Any Five) 5) Fe ne tone ok? Explain the types of computer network with example? Wri te on FTP? Deine itterence between Windows Server 2019 Essential and Standard Edition? Describe the process to Create and set up a virtual machine using Hyper-V. icy?,3
B.Sc. IMS,2,2022,Regular,"What is a file system? Define the keywords: DR, BDR. 2 What is EIGRP? Describe the principles of EIGRP? 3 Difference between IPv4 and IPv6? 4 Explain Redistribution in RIP Protocol? 5 What is IPv6? Explain the features of IPv6. 6 Write a short note o",0
B.Sc. IMS,2,2020,Regular,What does Hacker mean'J Explain the types of Hacker. 2 Describe Malware Detection Techniques in brief. 3 Explain the types ofSocial Engineering Attack. 4 Describe port scanning in Network Infrastructure Attack. 5 Write a short-note on ARP Spoofing At,0
B.Sc. IMS,2,2023,Regular,"Explain the TAG, ATTRIBUTE and VALUE with proper example Write a short note on PHP Write a short note on URL with its common schemes. 2 Q-2 Any One) What is variable? Explain the rules of variable declaration with example Explain the <marquee> with i",4
B.Sc. IMS,2,2023,Regular,Any One) Why use Route Redistribution? Explain disadvantages to route redistribution,4
B.Sc. IMS,2,2023,Regular,Explain MIMO and importance of MIMO for users (Any Five) C) Draw building block of 5G roadmap and explain any 2 in detail Explain TDMA with its advantages and disadvantages Explain 5G data drivers Describe the security features of 5G Write note on OF,0
B.Sc. IMS,2,2022,Regular,Explain the <image> with its proper example. 2 Discuss the <OL> with proper example. 3 Explain the string method in JavaScript. 4 Explain the conditional statements in java scripts 5 Explain the Constrains in MYSQL. 6 Explain the DDL statements in MY,0
B.Sc. IMS,3,2022,Regular,Explain in brief Describe Cloud Monitoring Capabilities in brief Explain Desktop Virtualization in brief What is pub/ sub? Describe the core concept of pub/ sub Write a short-note on Server Virtualization What is Cloud Computing? Write a short-note o,4
B.Sc. IMS,3,2022,Regular,Explain Component of VoIP State the difference between FXS and FXO What is WLAN? Describe its advantages and disadvantages Describe Wireless Security Vulnerabilities in brief,15
B.Sc. IMS,3,2022,Regular,Explain the types of shell Why we use Linux? Write a short note on kick start file in Linux Describe the network types in Linux System Write a short note on IMAP Write a short note on FTP QAR S Aw Pp What is FHS? Describe Linux file system and direct,4
B.Sc. IMS,3,2022,Regular,Write a short note on NFS. 5,4
M.Sc. IT,1,2022,Regular,II What is the meaning of planning? List out the different components of planning Explain any one in detail VIII What is AI? Discuss the history of AI. 2,8
M.Sc. IT,1,2022,Regular,List different types of agents Explain Simple reflex agent with proper example Il What is the meaning of AI? Discuss the different properties of task environment,8
M.Sc. IT,1,2022,Regular,Discuss Breadth first search in detail Ill What is Knowledge based agent? Discuss the different approaches to knowledge representation Discuss different application of Expert system II What is NLP? Discuss different steps of natural language processi,10
M.Sc. IT,1,2022,Regular,What is the use of Layout Manager class Explain any one with example Write a short note on JFrame Explain types of JDBC driver in brief What is use of Calendar control? Explain any five property (with possible values) of it with example Explain Pagin,0
Unknown,2,2022,Regular,"How activities are implemented? Demonstrate using proper code and explanation. ; Why Android is so popular? Justify its popularity features wise. js id in details, Explain hist. f android in ; ; Why layout ” required in Android? Illustrate relative l",30
Unknown,2,2022,Regular,Discuss the advantages of MongoDB What is NoSQL? Discuss the use of NoSQL in Industry Discuss aggregateO in MongoDB with example in details How to Create and Drop Database and Collection in MongoDB Explain Relationships in MongoDB Explain MapReduee i,8
Unknown,2,2022,Regular,"Explain Insert, update and Delete Document in MongoDB with example. » Explain Insert, ‘GQ sD i terms: Database, Collection, Document, ObjectID . efine the ing: (ANY Tw (08) ‘ Answer the followine"" © 0) A Explain Regular expression with example in Mon",6
Unknown,2,2022,Regular,"Discuss extensibility mechanism . lo you with suitable example. . 3 Answer the following? How could you model the associane ane zation relationship? Be Whatis a elation ship? Define dependency Explain the stereotypes used in dependen, cy. sagt 1 e 4 ",30
Unknown,2,2022,Regular,"Explain in brief Explain razor code expressions, Explain data context class in detai), Explain following attributes which impacts on the schema of the database. 1 Foreign Key How WEBAPI Routing config work? Explain ActionResult type in brieg What is ",6
Unknown,2,2022,Regular,"Explain HTTP verbs in) deta! gom WE) How to return JSON data f"" YFBAPI controller? Explain using example. sing J How to Consume WEBAP! using QUERY ajax(y?",30
Unknown,2,2022,Regular,Write down advantages of Servlet What is navigation in JSF? Explain any one What is hibernate? Write down advantages of it Write a servlet program which show the use of handling POST request Write down the difference between CGT ang Servlet Write a s,0
Unknown,2,2020,Regular,"Explain with C# code to upload .zip file Describe types of column fields supported by GridView control Explain Login, LoginStatus and LoginName controls Explain SOAP and REST protocols in brief State differences between Web Service and WCF Service Ex",0
Unknown,2,2023,Regular,What is MongoDB? Discuss the advantages of MongoDB in brief How to Insert and Delete Document in MongoDB explain with example Explain the aggregate() method in MongoDB with example Explain the Heatmaps and Scatter Charts in brief Discuss the MongoDB ,0
M.Sc. IT,2,2022,Regular,Explain supervised machine learning in detail Explain the steps of ML framework for developing model. os fp What is linear regression? Explain linear regression in detail. ao Explain the various terms of confusion matrix in brief What is LASSO? Expla,9
M.Sc. IT,2,2022,Regular,"Explain in brief. b Explain ROC curve and AUC in detail, c What is chart? Explain Gain chart in detail",6
M.Sc. IT,2,2022,Regular,Explain multi linear regression in detail. 5,9
M.Sc. IT,2,2022,Regular,Explain KNN in detail with proper example. rt vector machine algorithm in detail. b_ Explain suppo: . jem? What is use of File? Explain different file operation mode Write in detail about Regular Expressions How to create dataframe using cgy_ diction,6
M.Sc. IT,2,2022,Regular,Discuss various types of 4#ta formats Answer the following: (Any Two) : (09) What is the use of charts? Explain any two'excel charts in detail,6
M.Sc. IT,3,2022,Regular,"Describe parent(), parents(), parentsUntil 0. «methods i in brief Describe textQ and valQ) methods in details. * Explain sliding ‘methods of Query to create simple animation effects on image. : What are the features of React? Explain each in brief De",0
B.Sc. IT (CS),1,2024,Regular,Write the full form of VPN Why is it important for privacy? Why is evidence preservation critical in digital forensics? What is the use of hashing in digital signature Define phishing and explain the various types of phishing attacks? How the TOR Net,1
B.Sc. IT (CS),1,2024,Regular,"What are the steps involved in exploiting the SSH port using Metasploit? [4] [2,4] tl 15] P Describe the different types of penetration testing and their applications? 15] {1 I [5] Q How does a Gmail phishing attack work, and what are the ways to pro",0
B.Sc. IT (CS),1,2019,Regular,"Which are the ways to secure cloud storage? Explain in detail i2p Discuss cryptography functions Explain Digital Signature in detail Discuss digital evidence collection procedure. 9) RN se i Explain mobile forensics in details Explain malware, phishi",12
B.Sc. IT (CS),1,2023,Regular,Discuss about various authentication mechanism?06co2 BTL 3 Q.3 (Any Two) t2 1Write a short note on types of Penetration testing? 06co4 BTL 4 2What is VAPT? discuss the types of VAPT? 06co4 BTL 3 JExplain the XPATH Injection in detail? 06co3 BTL 2 Q.4,0
B.Sc. IT (CS),3,2019,Regular,What are the challenges in wireless network forensics? What is the difference between digital forensics and network forensics? Write any three techniques used for carrying out investigation? What is dynamical network forensics? How is it implemented?,12
B.Sc. IT (CS),3,2019,Regular,Which are the recent trends in network forensic? What are the various classifications of network forensics? Discuss merits and demerits of Wireshark What does HIPAA stands for? What are the four main purposes of HIPAA? 2 Discuss various types of IPR ,30
B.Sc. IT (CS),3,2019,Regular,What are Pros and Cons of taking Snapshot during Malware Analysis Process? What do you mean by Persistence Mechanism? Discuss different Methods to achieve persistence behavior Write a short note on Process Explorer Write a note on Inetsim and Wiresha,12
B.Sc. IT (CS),3,2019,Regular,Also explain what Hash Dumping is? ; Explain what Reverse Shell in detail How android o/s works? Explain its architecture Describe any five control of android How Burp suite works? Describe in detail Describe android startup process What is Content P,12
B.Sc. IT (CS),3,2019,Regular,How APKTool works to reverse an android application? 2 What is passive analysis? 3 Define HTTPS Proxy interception. 4 Explain android filesystem partition. 2 How to logging the logcat?,0
B.Sc. IT (CS),3,2022,Regular,Discuss about goal of Malware Analysis and write down thumb rules for Malware Analysis? What is Packed and Obfuscated Malware? 3 Explain the Structure of Virtual Machine with figure Discuss about advantages of using Virtual Machine for Malware Analys,12
B.Sc. IT (CS),3,2022,Regular,What is snapshot? What is the advantage to take snapshot during malware analysis? Write down steps to take snapshot in VM? Write a short note on AndroidManifest.XML file in detail Why ADB is important in Android? How to analyze active and passive ana,12
B.Sc. IT (CS),3,2022,Regular,Describe the features of NetworkMiner. 2,6
B.Sc. IT (CS),3,2022,Regular,Discuss the packet capture format. 2 Discuss the TCP/IP protocol suite in brief Explain benefits of ISMS in detail Discuss various Key contexts of ISO 27001 Explain Internal organization of information security in detail Discuss PCI DSS with all bene,12
B.Sc. IT (CS),3,2022,Regular,Discuss various needs for information security in brief. 2 Discuss various stage of PDCA cycle in brief. 3 Discuss Network security management in brief. 2 Discuss Internal ISMS audits in brief,6
B.Sc. IT (CS),3,2022,Regular,What is Intellectual Property Rights? Explain advantages of IPR 2,0
B.Sc. IT (CS),3,2023,Regular,Discuss its primary objectives and its importance in cybersecurity.06co1BTLl 2Discuss three common types of malware and provide an overview of their functionalities.06co1BTL2 1JExplain the concept of sandboxing in malware analysis How does sandboxing,0
B.Sc. IT (CS),3,2024,Regular,"Explain the Pros and Cons of taking 06 CO3 BTL3 Snapshot during Malware Analysis Process ? 4 | Explain Antivirus Scanning and Hashing and its 06 Cco2 BTL4 importance for,Malware Analysis. 5 | Explain how Procmon (Process Monitor) is used in 06 CO4 BT",0
MCA,1,2017,Regular,"Explaintlredifferencebetweencompilerandlnterpreter (ii) What is C Tokens? iii) Write output for the following code' void mainO{ int a,b,c,d; a:1 5; b:10; c: t*a -b, d: b++ + a; pttntf("" a:Yod b:o/od c:o/od d:70d""'a'b'c'd) ; }, (iv) Wlrat is variable?",8
MCA,1,2017,Regular,"Any Two )(A) Compare while statement Vs do statement.(B) What is array? Explain two-dimensional array with example.(C) Explain recursion with example.1. 2 Define Symbolic constant with example, State whether the following variable name is valid or no",11
MCA,1,2017,Regular,"Explain the benefits of it Explain array within structures with example D.4.GAI{PAT U]\IVERSITY 1\{ cA S EM_r EXAM^rNA rroxiir cslINTRODUCTION TO DATA N'iIi""SrSMANAGEMENT Itqv- Dec 2AL? Define Watennark Define Drop cap Write down its steps. lYrite a ",3
MCA,1,2017,Regular,"Any 2) (i) Explain any three different computing environments?(ii) Explain Upgrading and Migrating?(iii) How to do remote desktop access using windows 7. - oi Co^ ,'.-f-3\i""'3 What are Hardware requirements to install Windows 7? Explain (05) Key.feat",3
MCA,1,2019,Regular,"Explaintlredifferencebetweencompilerandlnterpreter (ii) What is C Tokens? iii) Write output for the following code' void mainO{ int a,b,c,d; a:1 5; b:10; c: t*a -b, d: b++ + a; pttntf("" a:Yod b:o/od c:o/od d:70d""'a'b'c'd) ; }, (iv) Wlrat is variable?",8
MCA,1,2022,Regular,"SECTION-I - Answer the following (8) » (A) Define : Data Abstraction , Polymorphism (B) How super keyword and this keyword works? 2 Answer the following (Any Two ) ay (A) | What is class and object? Give example of constructor overloading with suitab",11
MCA,1,2022,Regular,"Give example of abstract class with exception handling What is Package? Give example of package and class with various access modifiers Define : Tree ,Graph 5 Explain Bubble sort algorithm with example How binary search and sequential search differ w",11
MCA,1,2022,Regular,How lambda function works? Write a small program to multiply two numbers using lambda function. 2 What is Flow Control? Explain any three statements. 3 What is-String? Describe Six methods with suitable example How to handle exception? Describe with ,10
MCA,1,2022,Regular,Explain Query Processing with diagram. 2 Write a note on DBMS and SQL performance tuning in detail. 3 Write a short note on Database Query Optimization Modes. [B] What is Normalization? What is Deadlock? Discuss Deadlock Prevention in detail. 2 Discu,10
MCA,1,2022,Regular,What is PL/SQL? Write down the block structure of PL/SQL. 2 Explain IF ...ELSE.... with example. 3 What is cursor? Discuss the types of cursor. [B] What is full form of DDL? What is Trigger? Explain it with proper example 2 Discuss the use of procedu,11
MCA,1,2022,Regular,"Prove that if A and B are sets, then P(A = B) =P(A) x P(B) where P stands for the power set What is the probability that only one of them is selected? Find the age of eacher What are their ages? », toss by selling & swatch for Rs. id to earn 5% profi",11
MCA,1,2022,Regular,"Explain purpose, syntax and usage of wait and waitpid in Linux Explain purpose, syntax and usage of fork and vfork How do the Linux system calls execl and execv differ? s Answer the following Explain purpose and usage of semget, semop and semcti in L",0
MCA,2,2022,Regular,Q3 wn SECTION-I Answer the following What is HTML? List the Features of HTMLS What is CSS? Give the Syntax of CSS syntax What are tags? 2 Write Down Code For x? 2y- y Answer the following.(Any TWO) What are an Attributes? Explain Any 5 common Attribu,1
MCA,2,2022,Regular,Explain all the four types of drivers available in JDBC What is a Servlet? Explain the lifecycle methods of a servlet List all the implicit objects available in JSP and explain any 2 of them in detail. 3,1
MCA,2,2022,Regular,"Explain each of them using proper code List the various scripting elements of JSP Explain each of them along with their syntax What are Java Beans? Explain the role of beans in MVC, (2) Explain any four JSF tags with example. 4 Answer the following D",1
MCA,2,2022,Regular,Define Big Data Explain the characteristics of Big Data Explain about the architecture of Big Data Write down the Unix commands related to file creation & permissions Write down the steps to install Hadoop system on Ubuntu OS Explain terms: NameNode ,1
MCA,2,2022,Regular,Explain the characteristics of MapReduce Discuss various configuration files used in Hadoop installation Explain about the Hadoop Yarn Architecture Explain LDAP injection with Suitable example What is Cross-site scripting attack (XSS) and what are th,0
MCA,2,2023,Regular,Que 3. a teilou SECTION-I Answer the following What do You mean by intent? List out all gradient’s types Give names of Tools available in SDK What is Layout? Explain any two layouts in details Answer the following (Any Two) What is Android? Explain L,11
MCA,2,2023,Regular,Write short note on (any 2) automation testing tools: a) Katalon Studio b) Selenium c) Appium 5 Answer the following (Any Two ) ql) (A) Write down steps to configure selenium Webdriver (Java or Python) Discuss Architecture of Selenium Web Driver with,5
MCA,2,2023,Regular,Write a short note on Implicit and Explicit wait for Selenium Python?,0
MCA,2,2018,Regular,Give real-life examples of the Stack' -..cwnit is Queue? fxfiiain the operations that we can perform on queue WhatisaLinkedList?Listoutthedifferenttypesoflinkedlist,8
MCA,2,2018,Regular,Explain array in detail. questions' (Any Two) Explain Circular Queue with example' Explain PrioritY Queue in detail' Explain any one type of linked list with example' SECTION.II 4 Answdr the following questions in brief' (A) Define the terms related ,10
MCA,2,2018,Regular,ExPlain java Package in brief' fiI,10
MCA,2,2018,Regular,Discuss new Form elements with suitable example Explain HTML5 media elements in brief Explain <canvas> element with suitable example List out the new features of HTML5 Draw the Structurar Erements in HTML5 and exprain it Define the term ApI and expla,4
MCA,2,2018,Regular,"Describe IPv4 Address, Classes and its Classifications Define these terms: Network Address Describe in brief : Loopback IPv4 Addresses, HTTP, SMTP Explain in details : Unicast, Multicast, Broadcast, WWW, BOOTP Give the full form : ICMP,IGMP question.",10
MCA,2,2018,Regular,"Explain lNF,2NF, BCNF u'ith exampie' Explain structure of DBMS in brief What is Entity in database?",10
MCA,2,2018,Regular,"Explain how to create ,update view rvith exampie Explain like operator in oracle with example Explain types of set operators with example"" Explain group by clause with having, ro,up and cube operator B What is Dump Function? What you should do and do",0
MCA,3,2017,Remedial,"What is Package? WhY? 3 List out all states of Thread Lif-e cycle' 3'WhatiSabstractclass?Explainitwithsuitableexample Any TWO) 1' Why Dynamic Dispatch Methods in java? How to implernent?(08) ,,,)i ;,'liQ-'4 Explain all advantage of String Bu[[er clas",1
MCA,3,2017,Remedial,"Define: Timeline Charls izl What is Software Review? i:) Define : Behavioral Testing i;i What is WebApp's Performance Testing? Anslver the following Questions'(An1' Trvo) Explain Risk Expos""tt Gp) :P I C with example' p.i.riU"" basic piinciples for So",1
MCA,3,2017,Remedial,How should one plan one's presentation to make it effective?,6
MCA,3,2017,Remedial,Explain the Structure of Job Application and Resume What is oProposal'? Discuss the objectives of Proposals in short How does a research paper help spread knowledge of newer developments? What isthe present agc of Ra.ieev? tlreir. ages are iri theles,4
MCA,3,2017,Remedial,"Ho$ tnanl riords can be fbrmeci rrl:,""*g all letters olthe rvord ,lNDIA.? ;::J[i:i:,.:f ro,, .on,..,,ti, e *,.,,,,.',"",uers is 27 hree)In ho* rrar\ \\a-\s a cornnrittee of! r,ernbers can be serected fi.orn 6 rnerr (09) and -s ladies. consisting of 3 ",0
MCA,3,2017,Regular,What is clifference between managed code and unmanaged code? ts What is CLS? Explain use of foreach loop rvith example Explain Arraylist collection in short Explain .net framework architecture with figure. b Explain switch statement with example and ,1
MCA,3,2017,Regular,"GANPAT {JNIVERSITY lu.c.A. sE&{-IIr EXAMTNATION (CBCS) P13A5QAI., ; QIJANTIT,{TIVE AFTITUNE AND LOGICAL REASOIqING loursl Nov- Dec 201? tTota! vlarks: 60 Instruc[ions: ,2<"".*,';, ' Explain ry*pes of numbers system' il Find his gain Yo' tAl (AnY Two) ",1
MCA,3,2017,Regular,Explain any two,1
MCA,3,2017,Regular,Discuss irorrr to wr.ite an effective job application.4 Discuss cjifferent rypes of proposals,0
MCA,3,2018,Regular,"How JIT works? Exptain CTS in short' C,.statethereturntypeofConsote'Read()andConsole.Readl,ine()methods? D"" What is use of destructor? Explain .net framework architecture with figure' b ExPlain iunrp statements of C#' c What is an array'i E'xplain tw",10
MCA,3,2018,Regular,Give very small demo,11
MCA,3,2018,Regular,Wtrrt is mlrltilevel inheritance? Draw the sketch and write suitable code with exPlanation,11
MCA,3,2018,Regular,"AnY Two) Explain aPPlets in detail' e'J;;.#'ple 9f event handling with check boxes' How to create PoPuP menus? What is comUo'-boxi-tt'ow-to toiO your data into that control? Short note on ""LaYout Managers""' Wflut is ""Resultset""?",6
MCA,3,2018,Regular,Q-s.SBCTION.I L What is CSS responsive? Explain the viewport in brief' U What ls Angutarls? Discuss features of AngularJS' (AnY Two) I Explain rnedia query with suitable example' ILDefinetypesofeverrtsinhtrnl5.Explainarrytwoeventswithitsatftibutes. i,2
MCA,3,2018,Regular,"Define white box and black box testing' A*t*ut ttte followEng (AnY Two) Exptain clifferent types of risks' -WhatisprojectschedulinE?ExplainbasicPrinciplesof project scheduling W[at nLtrrL-rer shoLrld come next?1. 2 Find out Wronq Pattern Zru, WE !E H",8
MCA,3,2018,Regular,"What is the Present age ofRajeev? Find trre gairr earrred b.v hirn at the tr,r,o transaction Firrd the average of flrst 40 natural nLrrrbers?Il Find the simple interest on Rs.68,000 at l6 213%o per allnLl1l.l for g rronths.III Find the value of (i) 6",1
MCA,3,2018,Regular,Draw a sample Define Resume Discuss Draft a Resume to register your candidature against the vacancy fol the post of a Progtammer in a reputed IT company What is Research? Explain Title and Abstract as essential parts of a research paper What is Resum,2
MCA,3,2019,Regular,"SECTION.I 1. .(A) f)escribe tlre inheritance concept of Cl#.(B) \lrhat is Access lr4odifiersl)(C) \\/hat is Coliection? l,isr oLit the pro;:erries of Array List.(D) what is a constructor? what are tlre various types of constructors?2 ANy TWO ) (A) wh",2
MCA,3,2019,Regular,"Ten y;;; ago, the ratio of their ages was 1:5' What is Hiral's father's age at Present?",8
MCA,3,2019,Regular,"What is the share of B? If A alone can dar7s, in how many daYs can B in 2 minutes 30 certain rate for 3 Years' would have fetched Rs'day?(4) A and B together can comPlete comPlete the same work in 12 alone comPlete the work?",1
MCA,3,2019,Regular,"If the interest rate is increased by 3o/o, it would amount to how much?",1
MCA,3,2019,Regular,Write each section in separate answer book. 3,1
MCA,3,2019,Regular,"List out Types of Server What are the appropriate uses of MIME ? What do you mean by Subnet Masks ?. 2 Define Network Topologies and discuss advantage and disadvantage of Bus Network Topologies Discuss VLAN conf,guration in switch. 3 Describe the var",2
MCA,3,2019,Regular,Define ICMP Describe importance of iptables What is the purpose of DHCp ? Discuss Domain Name System (DNS) Explain vfutualization architecture Ansrver the follorving (1) Define Big Data AnalYtics' A; What is Business Process Management? Statehowcloud,1
MCA,3,2019,Regular,"Averagenumberofcttstomersrn,hOarelike}yt0returntheitenrs (e}Thevarianceandthestandarddeviatiorralthenltmberolreturns. ,4,SECTION-TI "" (i) What is co-relation anaiysis'l Explain it n'ith suitable positive anci negative cofrelation' (ii) V,/hat is ,i*t",11
MCA,3,2019,Regular,"Explain the steps for Multiple Linear Building. f""tgc & ""t 1",0
MCA,3,2022,Regular,List applications of machine learning What is ‘training Set' and 'test Set' in a Machine Learning Model? Answer the following: (Any Two) Explain classification algorithm: k-Nearest Neighbour (KNN) Discuss how random forest work? Explain strengths and,10
MCA,3,2022,Regular,Write a short note on Scikit-Learn library for machine learning Write short note on the k-Means Method with example Explain support and confidence in brief What is recommender system? Explain all types of recommender system Explain collaborative filt,0
MCA,4,2017,Regular,"Role of PHP GD LibrarY"" {2} Defitre : setCookie0 flrnction (3i How to access PHP OOPS class Members? i How $-POST is differ frorn $-GET' Ansrver the follorving Questions.(Any'Iwo) What is PHP? Describe Features of PHP Script' Explain include and incl",3
MCA,4,2017,Regular,"Questions'(Any Two) ff""* C*""fgP MVC works? write a pHp sffipt * ;;reEl, D:parfin:lts data using PDO' How DOM APt is Work? Give ExamPte' ,ii'Ti,'1il'*ffi,fii; t, bv defaurt weu-formed xML file.(True/False) AnsrverthefollowingQ.uestions'(11-v-L::"") Des",10
MCA,4,2017,Regular,"List or-rt ASP.NET Iv{VC Version history, in brief iii) Define the ter:m : ViewData and'tr'empData (iv) What is Fornrs? List out tlrc http rnethotls Lrsing Forrns. i(A) Anslver the follorving: (Any'Ts,o) (i) Wliat is r\SP.NEI MVC? ii) Wirat is Razrir",1
MCA,4,2017,Regular,List out any four request headers. 2 Give any two rriethods that can specify status code in servlet'i 3 I{ow to send clier.rt data to server? Explain. 2 Horv to rxanage session? Describe. i 3 What is MVC'? Explain it with suitable example. 2 Describe,1
MCA,4,2017,Regular,"ANy Two )A' what is Missing oataz ilow to Handle Missing Data? Describe Data Reduction Strategies in details.c' ilLHIJ'e different steps of .{ttribut""-oriented Inductio, with proper example 4 Why Data Mining? C.6.W_hat is Frequent pattern Analysis? W",10
MCA,4,2017,Regular,"I?] List out phases of SOA delivery Lifecycle.(4) Types of Business Services. r .euestions.(Any Trvo)Horvloose coupling piir.ipt"", lnt""r-.""tut"" with other principles?Describe Service Layer Abitraction What are Components of SOA and How they Inter_rel",2
MCA,4,2017,Regular,Q-2 (A) s.(Any Trvo)1) Explain the model for internetwork securify.2) Discuss the TCp session hijacking in brief.3) Write a short note on Digital signature.(B) What is the UDP hijacking?,10
MCA,4,2017,Regular,Discuss the nature of virus. s Write the short note on secure electronic transaction Discuss the pretty good privacy in brief What is a trusted system? s Discuss the firewall design principles in deep Explain various security services in detail Discu,10
MCA,4,2017,Regular,Explain any List-out the types of E-Commerce business mbdt four Explain any three phases of it. titi ort the myths of ERP Explain any four myths' Explain Enterprise Application Integration' Explain the following (ANY TWO ) Hidden Cost Material Manage,0
MCA,4,2018,Regular,"Explain different data types in PHP Explain creating session with example Explain creating cookies with example' What is function overriding? Write steps to create table,insert,update ,delete in to table with example Explain Prepared PDO statement wi",10
MCA,4,2018,Regular,"List c,ut types erf navigation. !^,/nite dcrwn expression language syntax in l5F. l-ist out basic htrnl tag in JSF Explain life cycle of ISF in detall AnY Two) what is Bear-i? Explain @ManagedBean rvith exannple What is Data warehouse? Explain charac",0
MCA,4,2019,Regular,What is Open source technology? Explain the processing of PHP' (i1) Explain any four shing functions with suitable example' (A) (i) (ii) (ii')4 AnY Two) Explain Super global variables with suitable example' Write short note on Session and oookies in ,8
MCA,4,2019,Regular,"Any Two) What is session? How can you handle iffiGive MVC example with ,,RequestDispatcher Give example of database ""preparedstatement,, with yourown query.(1 1) 4.(A) 4.(B) 5.SECTTON-II List out JSF Bean Scopes Give any basic example of database ope",6
MCA,4,2019,Regular,Data Cleaning (2) Types of SamPling (3) Define Concept Hierarchy with example (4) Data Mart 2.(A) Questions.(Any Two)' fil What is Data Warehouse? Explain its Characteristics' (2) Explain the three tier Data warehouse Architecture' (3) What is OLAP?,1
MCA,4,2019,Regular,What is Noise?,1
MCA,4,2019,Regular,"i Exptain secure d.rh;t;.;oirr?r*o) w*h sreps and fisure.2. 3.{1 r) l""iy, :'"" :l.j:l t -oy,n g Explain ]VRes of Firewallr'fi itt, ;o;;"",Exptain Secure Socket fuy""i fSiii'with its protocots List out Management leYels' m Give the full form:[i] TPS liil",0
MCA,5,2017,Remedial,Differentiate. minsdkv€rsion vs maxsdkVersion Syntaxofpermissionandroidapplicationrequires Explain oPtions menu AnY One) What is context? What is stYle? AnY Two) Draw diagram of activity lifecycle' Elaborate different types of progress bars' How can ,1
MCA,5,2018,Remedial,Explain diff-erent adornments of Association relationship What is roor and leaf class? Explain how to dralv a class cliagram for a system rvith its corrrron uses. 3 Explain Actor and Usecase Explain Forking and Joining Explain Arrifacr and Node How r,1
MCA,5,2018,Remedial,"Howcan*"".hung""htmlelements?Explainitbyfollowing' element. attribute ele ment. stYl e",1
MCA,5,2018,Remedial,How can we display fields using findQ method? Explain with(3) Explain $sum and gavg expressions of use and examples,1
MCA,5,2018,Remedial,"Explain Collection, Document and Field with proper example What is Objectld? Explain it with proper example",2
MCA,5,2018,Remedial,"Draw an Android architecture. 2 Any TWO) l. \\/hat is.{ctii,ity'? Discuss allthe events of android activity life cycle. 2 Give exanrple of Options ancl Context menu in your activity. 3 What is Dialog box?",1
MCA,5,2018,Remedial,"I{ow to send data fi.om one activity to another activity? Explain. 2"" What is pennission? Explain its types with suitable example"" Q - 5 Altsrver the lbllorving Describe: Cohtent ['rovider 2 What is WebView? Explain all ways to browse data frorn WebV",1
MCA,5,2018,Remedial,"Explain trigger rvith suitable exanrple.(ii) What is a package? Explain package with exarnple""(iii) what is procedure?",0
MCA,5,2018,Regular,Describe Armshong's Axioms to derive FD Explain Conceptual Schema Tuning,1
MCA,5,2018,Regular,Describe BCNF with example,1
MCA,5,2018,Regular,Explain PL/SQL.In built Exception with Example Write a PL/SQL that show the use of any loop structure,1
MCA,5,2018,Regular,Write a difference between style & theme What is auto complete text view? How it's different from multi auto complete text view? List out all dialogs List out all gradients types. .(Any TWO) Short note on: Architecture of Android OS What is resource?,10
MCA,5,2018,Regular,Explain any two with example in Java ScriPt Explain different form validation with proper example' m Define types of decision making statements Q-2. tBI What is JSON? Explain getElementByldQ and getElementsByClassNameQ with proper r. ;.ffi#;roendchil,0
MCA,5,2019,Regular,SECTION.I 1.(A) Do as directed.(1) TPC-A and TPC-B(2) 2PC (3) Anomalies(4) Data Consistency 2.(A) Questions.(Any Trvo)(l) Describe BCNFwith exarnple.(2) How index is useful for search Query? Describe with proper example.(3) Explairr Architecture for ,1
MCA,5,2019,Regular,"SECTION-I Answer the foltrowing (1) What is UML and where can the UML be used? What do you understand by Multipliciry? Define Iterative and incremental Process State the putposes of making a model Explain interface, type and role with suitable exampl",1
MCA,5,2019,Regular,"Draw a Use Case Diagram for Online Course Regishation System What do you understand by Sequence Diagram? Draw a Sequence Diagram showiag the flow of control involved ia initiating a simple, two- party phone cal1.(3) Discuss collaboration diagram with",1
MCA,5,2019,Regular,Discuss Activity Diagram with a suitable example What is component? Discuss types of component aad compcnent diagram in detail Discuss deployrnent diagram with a suitable example,11
MCA,5,2017,Regular,"Answer the follorving Questions'(Any Two) ;;iri"" Armstrong's Axioms that are used to prove FD' f)escribe 3NF with ExamPle' Ho* trro** is useful ftr search Query? Justiff with Example'{{}8i (1{}) (B) ' (1) What is Benchnrarking? 3.(A) Questions'(Any T",10
MCA,5,2017,Regular,"Do as Directed.(1) Examples of Imrrlir.it r.\^n ^--r n does not exisis.Ioy XrrPe and %RowT1.pe works?Define: Transaction s.(A) Answer the foltowi Ex pl ai n Gen e ri ^ o,-.Tf Q-' *1t1o-':t-' $ny Twc) Explain Generic S,.""t r4ussrrurlS'(Anv 'I'w0 How F",2
MCA,5,2017,Regular,What is the use of file output stream? Where preferences are stored? Give example of inserting record in SQLite database What is AsyncTask? Explain its methodsl Can you create your own content provider? Justify Show different ways of loading data in ,11
MCA,5,2017,Regular,"Explain Location object with properties and methods using example. 3 Explain foiiowing metnods of Array object sort|, filter$, concatQ, pop0 Expiain addEventlisrener0, removeEventListenerQ methods with example SECTION.II(11) 5.Ansrver the fo!lowing.(",11
MCA,5,2017,Regular,Explain Embedded Relationships and Referenced Relationships with proper example. 6,1
MCA,5,2017,Regular,"Explain it with proper example What is Text Search? How to enable, create, use and delete Text index? Explain it with proper examples Discuss forward and reverse engineering in brief' Ansrver the following: (AnY Two) Discuss UML basic building blocks",0
