Exam_Year,Exam_Type,Subject_Code,Subject_Name,Section,Question_No,Sub_Question,Question_Text,Marks,CO,Bloom_Taxonomy
Nov-Dec 2019,Regular,U11A1IP1,Introduction to Programming-I,I,Q1,1,What is Algorithm? Discuss Looping Type of Algorithm with example.,6,,
Nov-Dec 2019,Regular,U11A1IP1,Introduction to Programming-I,I,Q1,2,What is C Token? How it is useful in C Language?,6,,
Nov-Dec 2019,Regular,U11A1IP1,Introduction to Programming-I,I,Q1,3,Discuss Relational operator with example in C Language.,6,,
Nov-Dec 2019,Regular,U11A1IP1,Introduction to Programming-I,I,Q1,4,Discuss data types with storage range in detail with example.,6,,
Nov-Dec 2019,Regular,U11A1IP1,Introduction to Programming-I,I,Q1,5,Can we Create Switch without Break and Default? Explain Switch with example in C Language.,6,,
Nov-Dec 2019,Regular,U11A1IP1,Introduction to Programming-I,I,Q1,6,Discuss ELSE IF ladder with example in C Language.,6,,
Nov-Dec 2019,Regular,U11A1IP1,Introduction to Programming-I,I,Q1,7,Explain Exit Control Loop with example in C Language.,6,,
Nov-Dec 2019,Regular,U11A1IP1,Introduction to Programming-I,II,Q2,1,What is Flowchart? Discuss various Flowchart Symbols.,6,,
Nov-Dec 2019,Regular,U11A1IP1,Introduction to Programming-I,II,Q2,2,What is Variable? How to declare Variable? Discuss various Variable declaration rules.,6,,
Nov-Dec 2019,Regular,U11A1IP1,Introduction to Programming-I,II,Q2,3,"Write Algorithm & Flowchart to generate first 25 Fibonacci terms 0,1,1,2,3,5...n (n=25).",6,,
Nov-Dec 2019,Regular,U11A1IP1,Introduction to Programming-I,II,Q3,1,"Give the output of following logical code: for(i=1;i<=10;i++) { printf('%d', i); } and Give the output of switch(day=5) code.",6,,
Nov-Dec 2019,Regular,U11A1IP1,Introduction to Programming-I,II,Q3,2,Discuss Logical operator with example.,6,,
Nov-Dec 2019,Regular,U11A1IP1,Introduction to Programming-I,II,Q3,3,Write a C program to find MAX number from 3 variables using ternary (? :) operator.,6,,
Nov-Dec 2019,Regular,U11A1IP1,Introduction to Programming-I,II,Q4,1,Write a C program to print pattern: 1 / 1 0 / 1 0 1 / 1 0 1 0,6,,
Nov-Dec 2019,Regular,U11A1IP1,Introduction to Programming-I,II,Q4,2,Write a C program to check given number is prime or not.,6,,
Nov-Dec 2019,Regular,U11A3WD1,Web Designing-I,I,Q1,A,Elaborate the Web browser and Web server in details.,6,,
Nov-Dec 2019,Regular,U11A3WD1,Web Designing-I,I,Q1,B,State the difference between Block and Inline element with its example.,6,,
Nov-Dec 2019,Regular,U11A3WD1,Web Designing-I,I,Q1,C,Explain New Semantic Tags in HTML 5.,6,,
Nov-Dec 2019,Regular,U11A3WD1,Web Designing-I,I,Q1,D,State the importance of CSS with its advantage.,6,,
Nov-Dec 2019,Regular,U11A3WD1,Web Designing-I,I,Q1,E,Explain the JavaScript operators in details.,6,,
Nov-Dec 2019,Regular,U11A3WD1,Web Designing-I,I,Q1,F,State the importance of Web Designing principles.,6,,
Nov-Dec 2019,Regular,U11A3WD1,Web Designing-I,I,Q1,G,"What is cookie? Write the syntax to create, read and delete a cookie using JavaScript.",6,,
Nov-Dec 2019,Regular,U11A3WD1,Web Designing-I,II,Q2,A,State the difference between Static & Dynamic Web sites.,6,,
Nov-Dec 2019,Regular,U11A3WD1,Web Designing-I,II,Q2,B,Discuss the text formatting tags with example.,6,,
Nov-Dec 2019,Regular,U11A3WD1,Web Designing-I,II,Q2,C,Explain layout using Frameset and Frame with proper example.,6,,
Nov-Dec 2019,Regular,U11A3WD1,Web Designing-I,II,Q3,A,Explain the concepts of Web storage in details.,6,,
Nov-Dec 2019,Regular,U11A3WD1,Web Designing-I,II,Q3,B,Explain CSS background properties with proper example.,6,,
Nov-Dec 2019,Regular,U11A3WD1,Web Designing-I,II,Q3,C,Write HTML code for the creation of Student registration form.,6,,
Nov-Dec 2019,Regular,U11A3WD1,Web Designing-I,II,Q4,A,Elaborate the JavaScript function with example.,6,,
Nov-Dec 2019,Regular,U11A3WD1,Web Designing-I,II,Q4,B,Explain the JavaScript display possibilities with example.,6,,
Nov-Dec 2019,Regular,U11A4IT,Information Technology,I,Q1,A,What is Information? Explain characteristics of Information.,6,,
Nov-Dec 2019,Regular,U11A4IT,Information Technology,I,Q1,B,Explain scanner with different types.,6,,
Nov-Dec 2019,Regular,U11A4IT,Information Technology,I,Q1,C,"Discuss: BIOS, Windows Registry, Msconfig",6,,
Nov-Dec 2019,Regular,U11A4IT,Information Technology,I,Q1,D,Differentiate: Compilers V/S Interpreter,6,,
Nov-Dec 2019,Regular,U11A4IT,Information Technology,I,Q1,E,Explain different types of ROM.,6,,
Nov-Dec 2019,Regular,U11A4IT,Information Technology,I,Q1,F,Write a short note on DMA.,6,,
Nov-Dec 2019,Regular,U11A4IT,Information Technology,I,Q1,G,Explain Internal Structure of Microprocessor.,6,,
Nov-Dec 2019,Regular,U11A4IT,Information Technology,II,Q2,A,Explain Modem in brief.,6,,
Nov-Dec 2019,Regular,U11A4IT,Information Technology,II,Q2,B,Write a short note on printer.,6,,
Nov-Dec 2019,Regular,U11A4IT,Information Technology,II,Q2,C,Write steps to schedule automatic disk clean up.,6,,
Nov-Dec 2019,Regular,U11A4IT,Information Technology,II,Q3,A,Write a short note on Assembly language.,6,,
Nov-Dec 2019,Regular,U11A4IT,Information Technology,II,Q3,B,Explain different types of software in detail.,6,,
Nov-Dec 2019,Regular,U11A4IT,Information Technology,II,Q3,C,What is interrupt? Explain different types of interrupts.,6,,
Nov-Dec 2019,Regular,U11A4IT,Information Technology,II,Q4,A,Write a short note on an Ideal Microcomputer.,6,,
Nov-Dec 2019,Regular,U11A4IT,Information Technology,II,Q4,B,Explain Data Bus in Detail.,6,,
Nov-Dec 2019,Regular,U11A5FM,Fundamental of Mathematics,I,Q1,1,"Define: Symmetric difference of Set, Skew Symmetric Matrix, Diagonal Matrix",6,,
Nov-Dec 2019,Regular,U11A5FM,Fundamental of Mathematics,I,Q1,2,Write a short note on pigeonhole principle in details.,6,,
Nov-Dec 2019,Regular,U11A5FM,Fundamental of Mathematics,I,Q1,3,Write a short note on One to One Function,6,,
Nov-Dec 2019,Regular,U11A5FM,Fundamental of Mathematics,I,Q1,4,The population of a town is 7000 persons (newspaper reading problem),6,,
Nov-Dec 2019,Regular,U11A5FM,Fundamental of Mathematics,I,Q1,5,"Define: Simple Graph, Null Graph, Trivial Graph",6,,
Nov-Dec 2019,Regular,U11A5FM,Fundamental of Mathematics,I,Q1,6,Prove That nCn = 1.,6,,
Nov-Dec 2019,Regular,U11A5FM,Fundamental of Mathematics,I,Q1,7,"Find the value of the Permutation: 8P4, 9P5, 15P3",6,,
Nov-Dec 2019,Regular,U11A5FM,Fundamental of Mathematics,II,Q2,1,"In a group of 60 people, 27 like cold drinks and 42 like hot drinks - How many like both?",6,,
Nov-Dec 2019,Regular,U11A5FM,Fundamental of Mathematics,II,Q2,2,Matrix addition: Find A+B for given 3x3 matrices.,6,,
Nov-Dec 2019,Regular,U11A5FM,Fundamental of Mathematics,II,Q2,3,Define Transpose of matrix and Symmetric diagonal matrices.,6,,
Nov-Dec 2019,Regular,U11A5FM,Fundamental of Mathematics,II,Q3,1,What is Graph? Write a short note on Hamiltonian graphs.,6,,
Nov-Dec 2019,Regular,U11A5FM,Fundamental of Mathematics,II,Q3,2,Explain Domain and Range of function with example.,6,,
Nov-Dec 2019,Regular,U11A5FM,Fundamental of Mathematics,II,Q3,3,Define Bipartite Graph and Regular Graph.,6,,
Nov-Dec 2019,Regular,U11A5FM,Fundamental of Mathematics,II,Q4,1,Write a short note on ordered and unordered partitions.,6,,
Nov-Dec 2019,Regular,U11A5FM,Fundamental of Mathematics,II,Q4,2,Write a short note on factorial notation with example.,6,,
Nov-Dec 2019,Regular,U11B6CS1,Language & Communication Skills-I,I,Q1,1,Effective skills of communication are part and parcel of everybody's life.,6,,
Nov-Dec 2019,Regular,U11B6CS1,Language & Communication Skills-I,I,Q1,2,What do you mean by the word 'Communication'? Explain the Process of communication with diagram.,6,,
Nov-Dec 2019,Regular,U11B6CS1,Language & Communication Skills-I,I,Q1,3,How does Hearing differ from Listening? Explain traits of good listening.,6,,
Nov-Dec 2019,Regular,U11B6CS1,Language & Communication Skills-I,I,Q1,4,Discuss simple present tense and perfect present tense with an example.,6,,
Nov-Dec 2019,Regular,U11B6CS1,Language & Communication Skills-I,I,Q1,5,What are the reasons for poor comprehension? How can it be improved?,6,,
Nov-Dec 2019,Regular,U11B6CS1,Language & Communication Skills-I,I,Q1,6,Discuss the Date and Complimentary Close as the compulsory parts of letter writing.,6,,
Nov-Dec 2019,Regular,U11B6CS1,Language & Communication Skills-I,I,Q1,7,What are the characteristics of an erudite speaker?,6,,
Nov-Dec 2019,Regular,U11B6CS1,Language & Communication Skills-I,II,Q3,1,Listening is of highest importance for professionals since it consumes 45% of the professional time.,12,,
Nov-Dec 2019,Regular,U11B6CS1,Language & Communication Skills-I,II,Q3,2,What is speaking? What kind of points should we keep in our mind while speaking?,12,,
Nov-Dec 2019,Regular,U11B6CS1,Language & Communication Skills-I,II,Q3,3,Differentiate between skimming and scanning with explanation and example.,12,,
Nov-Dec 2019,Regular,U11B6CS1,Language & Communication Skills-I,II,Q4,1,Elaborate the 7Cs of communication.,6,,
Nov-Dec 2019,Regular,U11B6CS1,Language & Communication Skills-I,II,Q4,2,Write a letter to your friend congratulating him/her on his/her success in class 12 board exam.,6,,
Nov-Dec 2022,Regular,U11A1IP1,Introduction to Programming-I,I,Q1,a,What is Flowchart? Illustrate General Rules for creating Flowchart.,6,,
Nov-Dec 2022,Regular,U11A1IP1,Introduction to Programming-I,I,Q1,b,Explain basic structure of C Program with example.,6,,
Nov-Dec 2022,Regular,U11A1IP1,Introduction to Programming-I,I,Q1,c,Create an Algorithm and draw a Flowchart to find sum of all the integers greater than 100 and less than 200 that are divisible by 7.,6,,
Nov-Dec 2022,Regular,U11A1IP1,Introduction to Programming-I,I,Q1,d,How to define Symbolic Constants in C Language? Explain rules to define Symbolic Constants.,6,,
Nov-Dec 2022,Regular,U11A1IP1,Introduction to Programming-I,I,Q1,e,Explain Conditional and Special Operators with proper example.,6,,
Nov-Dec 2022,Regular,U11A1IP1,Introduction to Programming-I,I,Q1,f,Discuss switch case statement with proper example.,6,,
Nov-Dec 2022,Regular,U11A1IP1,Introduction to Programming-I,I,Q1,g,Demonstrate break and continue statement with example.,6,,
Nov-Dec 2022,Regular,U11A1IP1,Introduction to Programming-I,II,Q2,a,What is Algorithm? Explain Branching Type of Algorithm with example.,6,,
Nov-Dec 2022,Regular,U11A1IP1,Introduction to Programming-I,II,Q2,b,Write a short note on C Tokens.,6,,
Nov-Dec 2022,Regular,U11A1IP1,Introduction to Programming-I,II,Q2,c,Discuss various properties of Algorithm.,6,,
Nov-Dec 2022,Regular,U11A1IP1,Introduction to Programming-I,II,Q3,a,What is Operator? Explain Increment and Decrement operators with example.,6,,
Nov-Dec 2022,Regular,U11A1IP1,Introduction to Programming-I,II,Q3,b,Explain Nested if...else statement with proper example.,6,,
Nov-Dec 2022,Regular,U11A1IP1,Introduction to Programming-I,II,Q3,c,Write a C Program to find smallest numbers among three numbers.,6,,
Nov-Dec 2022,Regular,U11A1IP1,Introduction to Programming-I,II,Q4,a,Write a c program to find sum of first 100 natural odd numbers and even numbers.,6,,
Nov-Dec 2022,Regular,U11A1IP1,Introduction to Programming-I,II,Q4,b,What is looping? Explain for loop with proper example.,6,,
Nov-Dec 2022,Regular,U11A2OAT,Office Automation Tools,I,Q1,1,What is DOS? Explain any five Internal commands of DOS.,6,,
Nov-Dec 2022,Regular,U11A2OAT,Office Automation Tools,I,Q1,2,"Define terms: Header, Footer, Footnote, Endnote, Drop cap, Watermark.",6,,
Nov-Dec 2022,Regular,U11A2OAT,Office Automation Tools,I,Q1,3,Discuss Any five Mathematical Function in MS Excel.,6,,
Nov-Dec 2022,Regular,U11A2OAT,Office Automation Tools,I,Q1,4,Write a short note on Custom Animation.,6,,
Nov-Dec 2022,Regular,U11A2OAT,Office Automation Tools,I,Q1,5,What is MS-Access? Describe steps to creating Database in MS-Access.,6,,
Nov-Dec 2022,Regular,U11A2OAT,Office Automation Tools,I,Q1,6,Describe MS-Access Data types.,6,,
Nov-Dec 2022,Regular,U11A2OAT,Office Automation Tools,I,Q1,7,"Compare Word, Excel and PowerPoint.",6,,
Nov-Dec 2022,Regular,U11A2OAT,Office Automation Tools,II,Q2,1,What is Batch file? Discuss with an example.,6,,
Nov-Dec 2022,Regular,U11A2OAT,Office Automation Tools,II,Q2,2,What is Mail Merge? Define step of Mail Merge.,6,,
Nov-Dec 2022,Regular,U11A2OAT,Office Automation Tools,II,Q2,3,Difference between DOS and Window.,6,,
Nov-Dec 2022,Regular,U11A2OAT,Office Automation Tools,II,Q3,1,Discuss Any five Date-Time Function in MS Excel.,6,,
Nov-Dec 2022,Regular,U11A2OAT,Office Automation Tools,II,Q3,2,What is MS PowerPoint? Discuss features of MS PowerPoint.,6,,
Nov-Dec 2022,Regular,U11A2OAT,Office Automation Tools,II,Q3,3,"Define terms: Naming Range, Pivot Table, Goal Seek",6,,
Nov-Dec 2022,Regular,U11A2OAT,Office Automation Tools,II,Q4,1,Explain MS-Access Object.,6,,
Nov-Dec 2022,Regular,U11A2OAT,Office Automation Tools,II,Q4,2,How to Filtering data in MS-Access?,6,,
Nov-Dec 2022,Regular,U11A3WD1,Web Designing-I,I,Q1,1,Write a short note on Internet.,6,,
Nov-Dec 2022,Regular,U11A3WD1,Web Designing-I,I,Q1,2,Explain various background properties of CSS.,6,,
Nov-Dec 2022,Regular,U11A3WD1,Web Designing-I,I,Q1,3,Which tag is used to create hyperlink in HTML? Explain it with suitable example.,6,,
Nov-Dec 2022,Regular,U11A3WD1,Web Designing-I,I,Q1,4,Discuss various text formatting tags of HTML.,6,,
Nov-Dec 2022,Regular,U11A3WD1,Web Designing-I,I,Q1,5,Explain the use of drag and drop API of HTML5.,6,,
Nov-Dec 2022,Regular,U11A3WD1,Web Designing-I,I,Q1,6,Discuss the advantages and features of JavaScript.,6,,
Nov-Dec 2022,Regular,U11A3WD1,Web Designing-I,I,Q1,7,Give the output of the JavaScript code: var x=20; var temp = function(){console.log(x); var x=18;}; temp();,6,,
Nov-Dec 2022,Regular,U11A3WD1,Web Designing-I,II,Q2,1,What is web site? State the difference between static and dynamic website.,6,,
Nov-Dec 2022,Regular,U11A3WD1,Web Designing-I,II,Q2,2,Write an HTML code to design an inquiry page.,6,,
Nov-Dec 2022,Regular,U11A4IT,Information Technology,I,Q1,1,Discuss any three Input and Output Devices.,6,,
Nov-Dec 2022,Regular,U11A4IT,Information Technology,I,Q1,2,Discuss Internet Access in detail.,6,,
Nov-Dec 2022,Regular,U11A4IT,Information Technology,I,Q1,3,Write a short note on Scripting Language.,6,,
Nov-Dec 2022,Regular,U11A4IT,Information Technology,I,Q1,4,Write down steps for formatting computer.,6,,
Nov-Dec 2022,Regular,U11A4IT,Information Technology,I,Q1,5,"Discuss Language Processor: Compiler, Interpreter and Assembler.",6,,
Nov-Dec 2022,Regular,U11A4IT,Information Technology,I,Q1,6,Discuss Block Diagram of Micro Computer in detail.,6,,
Nov-Dec 2022,Regular,U11A4IT,Information Technology,I,Q1,7,Explain Direct Memory Access (DMA) in detail.,6,,
Nov-Dec 2022,Regular,U11A4IT,Information Technology,II,Q2,1,Different between CD and DVD in details.,6,,
Nov-Dec 2022,Regular,U11A4IT,Information Technology,II,Q2,2,Explain BIOS in detail.,6,,
Nov-Dec 2022,Regular,U11A4IT,Information Technology,II,Q2,3,What is Port? Explain types of port in details.,6,,
Nov-Dec 2022,Regular,U11A4IT,Information Technology,II,Q3,1,Describe the Generation of Programming Language in details.,6,,
Nov-Dec 2022,Regular,U11A4IT,Information Technology,II,Q3,2,Write a short note on Programmed I/O.,6,,
Nov-Dec 2022,Regular,U11A4IT,Information Technology,II,Q3,3,Discuss Interrupt in detail.,6,,
Nov-Dec 2022,Regular,U11A4IT,Information Technology,II,Q4,1,Differentiate between RAM and ROM.,6,,
Nov-Dec 2022,Regular,U11A4IT,Information Technology,II,Q4,2,"Define following terms: Data Bus, Address Bus, Control Bus",6,,
Jan-Feb 2023,Regular,U11A1IP1,Introduction to Programming-I,I,Q1,a,Explain basic structure of C Program with example.,6,,
Jan-Feb 2023,Regular,U11A1IP1,Introduction to Programming-I,I,Q1,b,What is Algorithm? Explain Branching Type of Algorithm with example.,6,,
Jan-Feb 2023,Regular,U11A1IP1,Introduction to Programming-I,I,Q1,c,Create an Algorithm and draw a Flowchart to find sum of all the integers greater than 100 and less than 200 that are divisible by 5.,6,,
Jan-Feb 2023,Regular,U11A1IP1,Introduction to Programming-I,I,Q1,d,How to define Symbolic Constants in C Language? Explain rules to define Symbolic Constants.,6,,
Jan-Feb 2023,Regular,U11A1IP1,Introduction to Programming-I,I,Q1,e,What is Operator? Explain Increment and Decrement operators with example.,6,,
Jan-Feb 2023,Regular,U11A1IP1,Introduction to Programming-I,I,Q1,f,Explain Nested if...else statement with proper example.,6,,
Jan-Feb 2023,Regular,U11A1IP1,Introduction to Programming-I,I,Q1,g,What is looping? Explain for loop with proper example.,6,,
Jan-Feb 2023,Regular,U11A1IP1,Introduction to Programming-I,II,Q2,a,What is Flowchart? Illustrate General Rules for creating Flowchart.,6,,
Jan-Feb 2023,Regular,U11A1IP1,Introduction to Programming-I,II,Q2,b,Write a short note on C Tokens.,6,,
Jan-Feb 2023,Regular,U11A1IP1,Introduction to Programming-I,II,Q2,c,Discuss various properties of Algorithm.,6,,
Jan-Feb 2023,Regular,U11A1IP1,Introduction to Programming-I,II,Q3,a,Explain Conditional and Special Operators with proper example.,6,,
Jan-Feb 2023,Regular,U11A1IP1,Introduction to Programming-I,II,Q3,b,Write a C Program to find smallest number from given three numbers.,6,,
Jan-Feb 2023,Regular,U11A1IP1,Introduction to Programming-I,II,Q3,c,Discuss switch case statement with proper example.,6,,
Jan-Feb 2023,Regular,U11A1IP1,Introduction to Programming-I,II,Q4,a,Write a c program to calculate the average of a set of N numbers.,6,,
Jan-Feb 2023,Regular,U11A1IP1,Introduction to Programming-I,II,Q4,b,Demonstrate break and continue statement with example.,6,,
Jan-Feb 2023,Regular,U11A2OAT,Office Automation Tools,I,Q1,1,Difference between DOS and Window.,6,,
Jan-Feb 2023,Regular,U11A2OAT,Office Automation Tools,I,Q1,2,"Define Terms: Header, Footer, Footnote, Endnote, Drop cap, Watermark.",6,,
Jan-Feb 2023,Regular,U11A2OAT,Office Automation Tools,I,Q1,3,Discuss Any five Date-Time Function in MS Excel.,6,,
Jan-Feb 2023,Regular,U11A2OAT,Office Automation Tools,I,Q1,4,What is MS PowerPoint? Discuss Slide Transition.,6,,
Jan-Feb 2023,Regular,U11A2OAT,Office Automation Tools,I,Q1,5,What is MS-Access? Describe steps to creating Database in MS-Access.,6,,
Jan-Feb 2023,Regular,U11A2OAT,Office Automation Tools,I,Q1,6,Explain MS-Access Object.,6,,
Jan-Feb 2023,Regular,U11A2OAT,Office Automation Tools,I,Q1,7,"Compare Word, Excel and PowerPoint.",6,,
Jan-Feb 2023,Regular,U11A2OAT,Office Automation Tools,II,Q2,1,What is Mail Merge? Define step of Mail Merge.,6,,
Jan-Feb 2023,Regular,U11A2OAT,Office Automation Tools,II,Q2,2,What is Batch file? Discuss with an example.,6,,
Jan-Feb 2023,Regular,U11A2OAT,Office Automation Tools,II,Q2,3,What is DOS? Explain any five Internal Commands of DOS.,6,,
Jan-Feb 2023,Regular,U11A2OAT,Office Automation Tools,II,Q3,1,Discuss Any five Mathematical Function in MS Excel.,6,,
Jan-Feb 2023,Regular,U11A2OAT,Office Automation Tools,II,Q3,2,Write a short note on Custom Animation.,6,,
Jan-Feb 2023,Regular,U11A2OAT,Office Automation Tools,II,Q3,3,"Define Terms: Naming Range, Pivot Table, Goal Seek",6,,
Jan-Feb 2023,Regular,U11A2OAT,Office Automation Tools,II,Q4,1,Describe MS-Access Data Types.,6,,
Jan-Feb 2023,Regular,U11A2OAT,Office Automation Tools,II,Q4,2,How to filtering Data in MS-Access?,6,,
Jan-Feb 2023,Regular,U11A3WD1,Web Designing-I,I,Q1,1,What is the URL? Explain the structure of the URL in brief.,6,,
Jan-Feb 2023,Regular,U11A3WD1,Web Designing-I,I,Q1,2,Explain the HTML web page structure in detail.,6,,
Jan-Feb 2023,Regular,U11A3WD1,Web Designing-I,I,Q1,3,Explain the HTML Drag and drop features with examples.,6,,
Jan-Feb 2023,Regular,U11A3WD1,Web Designing-I,I,Q1,4,Describe the CSS Font properties in detail.,6,,
Jan-Feb 2023,Regular,U11A3WD1,Web Designing-I,I,Q1,5,Explain the JavaScript operators in detail.,6,,
Jan-Feb 2023,Regular,U11A3WD1,Web Designing-I,I,Q1,6,Discuss the Table tag with its all elements and examples.,6,,
Jan-Feb 2023,Regular,U11A3WD1,Web Designing-I,I,Q1,7,State the difference between Static & Dynamic Web sites.,6,,
Jan-Feb 2023,Regular,U11A3WD1,Web Designing-I,II,Q2,1,"State the difference between Internets, Intranet & Extranet.",6,,
Jan-Feb 2023,Regular,U11A3WD1,Web Designing-I,II,Q2,2,Explain the Element of List Tag in detail with an example.,6,,
Jan-Feb 2023,Regular,U11A3WD1,Web Designing-I,II,Q2,3,Writes a HTML code for the creation of Student registration form.,6,,
Jan-Feb 2023,Regular,U11A3WD1,Web Designing-I,II,Q3,1,Explain New Semantic Tags in HTML 5,6,,
Jan-Feb 2023,Regular,U11A3WD1,Web Designing-I,II,Q3,2,Explain CSS background properties with proper examples.,6,,
Jan-Feb 2023,Regular,U11A3WD1,Web Designing-I,II,Q3,3,Write an HTML5 code to create audio and video.,6,,
Jan-Feb 2023,Regular,U11A3WD1,Web Designing-I,II,Q4,1,How can we perform looping in JavaScript? Explain with examples.,6,,
Jan-Feb 2023,Regular,U11A3WD1,Web Designing-I,II,Q4,2,Elaborate the JavaScript function with an example.,6,,
Jan-Feb 2023,Regular,U11A4IT,Information Technology,I,Q1,1,Discuss DMA in brief,6,,
Jan-Feb 2023,Regular,U11A4IT,Information Technology,I,Q1,2,What is Information? Explain Characteristics of Information in brief.,6,,
Jan-Feb 2023,Regular,U11A4IT,Information Technology,I,Q1,3,Give difference between High Level Language and Low Level Language.,6,,
Jan-Feb 2023,Regular,U11A4IT,Information Technology,I,Q1,4,What is software? Explain System Software and Application Software.,6,,
Jan-Feb 2023,Regular,U11A4IT,Information Technology,I,Q1,5,Elaborate Memory System for Micro Computer.,6,,
Jan-Feb 2023,Regular,U11A4IT,Information Technology,I,Q1,6,List out basic software problem and Discuss various method to fix.,6,,
Jan-Feb 2023,Regular,U11A4IT,Information Technology,I,Q1,7,Explain Scanner with types.,6,,
Jan-Feb 2023,Regular,U11A4IT,Information Technology,II,Q2,1,"Define: OMR, MICR, OCR",6,,
Jan-Feb 2023,Regular,U11A4IT,Information Technology,II,Q2,2,Discuss BIOS and Registry with suitable example.,6,,
Jan-Feb 2023,Regular,U11A4IT,Information Technology,II,Q2,3,Explain Printer with types In detail,6,,
Jan-Feb 2023,Regular,U11A4IT,Information Technology,II,Q3,1,Write down difference between machine level & assembly language,6,,
Jan-Feb 2023,Regular,U11A4IT,Information Technology,II,Q3,2,Write a short note on Scripting Language.,6,,
Jan-Feb 2023,Regular,U11A4IT,Information Technology,II,Q3,3,"Discuss usage of Compiler, Interpreter and Assembler.",6,,
Jan-Feb 2023,Regular,U11A4IT,Information Technology,II,Q4,1,Explain basic block diagram of a micro-computer,6,,
Jan-Feb 2023,Regular,U11A4IT,Information Technology,II,Q4,2,Discuss Structure of Microprocessor in detail.,6,,
Apr-Jun 2023,Remedial,U11A1IP1,Introduction to Programming-I,I,Q1,a,List out Types of Algorithm. Discuss any one type of Algorithm with example.,6,,
Apr-Jun 2023,Remedial,U11A1IP1,Introduction to Programming-I,I,Q1,b,Write an Algorithm to print 'DCS-GNU' ten times using loops.,6,,
Apr-Jun 2023,Remedial,U11A1IP1,Introduction to Programming-I,I,Q1,c,Write a short note on Primary Data Types.,6,,
Apr-Jun 2023,Remedial,U11A1IP1,Introduction to Programming-I,I,Q1,d,Explain Increment and Decrement operators with example.,6,,
Apr-Jun 2023,Remedial,U11A1IP1,Introduction to Programming-I,I,Q1,e,Explain Nested if...else statement with proper example.,6,,
Apr-Jun 2023,Remedial,U11A1IP1,Introduction to Programming-I,I,Q1,f,What is looping? Explain for loop with proper example.,6,,
Apr-Jun 2023,Remedial,U11A1IP1,Introduction to Programming-I,I,Q1,g,Write a C Program to find sum of all the numbers between 100 to 200 which are divisible by 5.,6,,
Apr-Jun 2023,Remedial,U11A1IP1,Introduction to Programming-I,II,Q2,a,What is Flowchart? Discuss various Flowchart Symbols.,6,,
Apr-Jun 2023,Remedial,U11A1IP1,Introduction to Programming-I,II,Q2,b,Discuss basic structure of C Program with example.,6,,
Apr-Jun 2023,Remedial,U11A1IP1,Introduction to Programming-I,II,Q2,c,Write a short note on Symbolic Constants.,6,,
Apr-Jun 2023,Remedial,U11A1IP1,Introduction to Programming-I,II,Q3,a,What is Logical Operator? Write a C program to find largest number among three numbers.,6,,
Apr-Jun 2023,Remedial,U11A1IP1,Introduction to Programming-I,II,Q3,b,What is switch case statement? Explain it with proper example.,6,,
Apr-Jun 2023,Remedial,U11A1IP1,Introduction to Programming-I,II,Q3,c,Explain goto statement with example.,6,,
Apr-Jun 2023,Remedial,U11A1IP1,Introduction to Programming-I,II,Q4,a,Explain while loop with proper example.,6,,
Apr-Jun 2023,Remedial,U11A1IP1,Introduction to Programming-I,II,Q4,b,Discuss break and continue statement with example.,6,,
Apr-Jun 2023,Remedial,U11A2OAT,Office Automation Tools,I,Q1,1,Discuss the difference between CUI Vs. GUI.,6,,
Apr-Jun 2023,Remedial,U11A2OAT,Office Automation Tools,I,Q1,2,"Define terms: Header, Footer, Footnote, Endnote, Drop cap, Watermark.",6,,
Apr-Jun 2023,Remedial,U11A2OAT,Office Automation Tools,I,Q1,3,Discuss Any five Mathematical Function in Excel.,6,,
Apr-Jun 2023,Remedial,U11A2OAT,Office Automation Tools,I,Q1,4,Write a short note on Custom Animation.,6,,
Apr-Jun 2023,Remedial,U11A2OAT,Office Automation Tools,I,Q1,5,"Define terms: Naming Range, Pivot Table, Goal Seek",6,,
Apr-Jun 2023,Remedial,U11A2OAT,Office Automation Tools,I,Q1,6,Describe Access Data types.,6,,
Apr-Jun 2023,Remedial,U11A2OAT,Office Automation Tools,I,Q1,7,"Compare Word, Excel and PowerPoint.",6,,
Apr-Jun 2023,Remedial,U11A2OAT,Office Automation Tools,II,Q2,1,What is DOS? Explain any five Internal commands of DOS.,6,,
Apr-Jun 2023,Remedial,U11A2OAT,Office Automation Tools,II,Q2,2,What is Batch file? Discuss with an example.,6,,
Apr-Jun 2023,Remedial,U11A2OAT,Office Automation Tools,II,Q2,3,What is Mail Merge? Define step to create Mail Merge.,6,,
Apr-Jun 2023,Remedial,U11A2OAT,Office Automation Tools,II,Q3,1,Discuss Any five Date-Time Functions in Excel.,6,,
Apr-Jun 2023,Remedial,U11A2OAT,Office Automation Tools,II,Q3,2,What is PowerPoint? Discuss features of MS PowerPoint.,6,,
Apr-Jun 2023,Remedial,U11A2OAT,Office Automation Tools,II,Q3,3,Discuss different types of Charts in PowerPoint.,6,,
Apr-Jun 2023,Remedial,U11A2OAT,Office Automation Tools,II,Q4,1,Explain MS-Access Object.,6,,
Apr-Jun 2023,Remedial,U11A2OAT,Office Automation Tools,II,Q4,2,How to Filtering data in MS-Access?,6,,
Apr-Jun 2023,Remedial,U11A3WD1,Web Designing-I,I,Q1,1,What is Website? Differentiate Static and Dynamic Website.,6,,
Apr-Jun 2023,Remedial,U11A3WD1,Web Designing-I,I,Q1,2,Write an HTML code to design Registration Page.,6,,
Apr-Jun 2023,Remedial,U11A3WD1,Web Designing-I,I,Q1,3,Describe various text formatting tags of HTML.,6,,
Apr-Jun 2023,Remedial,U11A3WD1,Web Designing-I,I,Q1,4,Differentiate canvas and SVG.,6,,
Apr-Jun 2023,Remedial,U11A3WD1,Web Designing-I,I,Q1,5,Explain <audio> and <video> tag with required attributes.,6,,
Apr-Jun 2023,Remedial,U11A3WD1,Web Designing-I,I,Q1,6,Explain different types of selectors in CSS.,6,,
Apr-Jun 2023,Remedial,U11A3WD1,Web Designing-I,I,Q1,7,Create a function in JavaScript to check whether the given number is positive or not.,6,,
Apr-Jun 2023,Remedial,U11A3WD1,Web Designing-I,II,Q2,1,What is Internet? Discuss the usage of Internet.,6,,
Apr-Jun 2023,Remedial,U11A3WD1,Web Designing-I,II,Q2,2,"Define Terms: WWW, Search Engine, HTTP",6,,
Apr-Jun 2023,Remedial,U11A3WD1,Web Designing-I,II,Q2,3,Which tag is used to create hyperlink in HTML? Explain with an example.,6,,
Apr-Jun 2023,Remedial,U11A3WD1,Web Designing-I,II,Q3,1,What is CSS? Explain different ways to use CSS.,6,,
Apr-Jun 2023,Remedial,U11A3WD1,Web Designing-I,II,Q3,2,Explain the use of drag and drop API of HTML5.,6,,
Apr-Jun 2023,Remedial,U11A3WD1,Web Designing-I,II,Q3,3,Discuss different border properties of CSS.,6,,
Apr-Jun 2023,Remedial,U11A3WD1,Web Designing-I,II,Q4,1,Explain arithmetic operators and logical operators in JavaScript.,6,,
Apr-Jun 2023,Remedial,U11A3WD1,Web Designing-I,II,Q4,2,Discuss the advantages and features of JavaScript.,6,,
Apr-Jun 2023,Remedial,U11A4IT,Information Technology,I,Q1,1,Discuss any five Input and Output Devices.,6,,
Apr-Jun 2023,Remedial,U11A4IT,Information Technology,I,Q1,2,What is Computer? Explain Block Diagram of Computer.,6,,
Apr-Jun 2023,Remedial,U11A4IT,Information Technology,I,Q1,3,List out type of port and Explain it in detail.,6,,
Apr-Jun 2023,Remedial,U11A4IT,Information Technology,I,Q1,4,Write a short note on registry.,6,,
Apr-Jun 2023,Remedial,U11A4IT,Information Technology,I,Q1,5,Explain Scripting Language in detail.,6,,
Apr-Jun 2023,Remedial,U11A4IT,Information Technology,I,Q1,6,Discuss type of software in detail.,6,,
Apr-Jun 2023,Remedial,U11A4IT,Information Technology,I,Q1,7,Define Data Bus and Address Bus.,6,,
Apr-Jun 2023,Remedial,U11A4IT,Information Technology,II,Q2,1,Write a short note on Data and Information.,6,,
Apr-Jun 2023,Remedial,U11A4IT,Information Technology,II,Q2,2,Discuss BIOS in detail.,6,,
Apr-Jun 2023,Remedial,U11A4IT,Information Technology,II,Q2,3,Explain Modem in detail.,6,,
Apr-Jun 2023,Remedial,U11A4IT,Information Technology,II,Q3,1,Discuss Low Level Language in detail.,6,,
Apr-Jun 2023,Remedial,U11A4IT,Information Technology,II,Q3,2,Write down difference between Compiler and Interpreter.,6,,
Apr-Jun 2023,Remedial,U11A4IT,Information Technology,II,Q3,3,Write a short note on Programmed I/O.,6,,
Apr-Jun 2023,Remedial,U11A4IT,Information Technology,II,Q4,1,Differentiate between RAM and ROM.,6,,
Apr-Jun 2023,Remedial,U11A4IT,Information Technology,II,Q4,2,Explain Architecture of Micro Processor.,6,,
Nov-Dec 2023,Regular,U11A1IP1,Introduction to Programming-I,I,Q1,1,What is Algorithm? Discuss rules for preparing Algorithm with example.,6,CO1,BTL4
Nov-Dec 2023,Regular,U11A1IP1,Introduction to Programming-I,I,Q1,2,Discuss Basic Structure of C Program with example.,6,CO2,BTL5
Nov-Dec 2023,Regular,U11A1IP1,Introduction to Programming-I,I,Q1,3,How to define Symbolic Constants in C Language? Explain rules to define Symbolic Constants.,6,CO2,BTL5
Nov-Dec 2023,Regular,U11A1IP1,Introduction to Programming-I,I,Q1,4,Explain Increment and Decrement operators and Bitwise operator with example.,6,CO3,BTL3
Nov-Dec 2023,Regular,U11A1IP1,Introduction to Programming-I,I,Q1,5,What is looping? Explain For loop with proper example.,6,CO4,BTL4
Nov-Dec 2023,Regular,U11A1IP1,Introduction to Programming-I,I,Q1,6,Describe the use of switch case statement in 'C' language? Explain with proper example.,6,CO4,BTL5
Nov-Dec 2023,Regular,U11A1IP1,Introduction to Programming-I,I,Q1,7,Write a short note on Two-Dimensional Array.,6,CO5,BTL6
Nov-Dec 2023,Regular,U11A1IP1,Introduction to Programming-I,II,Q2,1,What are advantages of Flowchart? Discuss various Flowchart Symbols.,6,CO1,BTL5
Nov-Dec 2023,Regular,U11A1IP1,Introduction to Programming-I,II,Q2,2,Discuss Branching Type of Algorithm with example of finding the largest number among three numbers.,6,CO1,BTL6
Nov-Dec 2023,Regular,U11A1IP1,Introduction to Programming-I,II,Q2,3,Write a short note on C Tokens.,6,CO2,BTL3
Nov-Dec 2023,Regular,U11A1IP1,Introduction to Programming-I,II,Q3,1,Discuss type conversion in 'C' language with example.,6,CO3,BTL4
Nov-Dec 2023,Regular,U11A1IP1,Introduction to Programming-I,II,Q3,2,Explain Nested if...else statement with proper example.,6,CO4,BTL5
Nov-Dec 2023,Regular,U11A1IP1,Introduction to Programming-I,II,Q3,3,"Write short note on Input/output functions with example [printf(), scanf(), getchar(), putchar()].",6,CO3,BTL3
Nov-Dec 2023,Regular,U11A1IP1,Introduction to Programming-I,II,Q4,1,Discuss compile time initialization of one-dimensional array with example.,6,CO5,BTL6
Nov-Dec 2023,Regular,U11A1IP1,Introduction to Programming-I,II,Q4,2,Explain String Handling/Manipulation functions with example.,6,CO5,BTL4
Nov-Dec 2023,Regular,U11A2OAT,Office Automation Tools,I,Q1,1,Describe the advantages of MS DOS.,6,CO1,BTL4
Nov-Dec 2023,Regular,U11A2OAT,Office Automation Tools,I,Q1,2,"Write Shortcut keys of MS Word (Save, Redo, Open, Bold, Print, Hyperlink).",6,CO2,BTL1
Nov-Dec 2023,Regular,U11A2OAT,Office Automation Tools,I,Q1,3,Classify the Batch file in detailed.,6,CO1,BTL5
Nov-Dec 2023,Regular,U11A2OAT,Office Automation Tools,I,Q1,4,"Describe the purpose of cell references (relative, absolute) in formulas.",6,CO3,BTL3
Nov-Dec 2023,Regular,U11A2OAT,Office Automation Tools,I,Q1,5,Illustrate the features of Spreadsheet.,6,CO3,BTL3
Nov-Dec 2023,Regular,U11A2OAT,Office Automation Tools,I,Q1,6,What is the purpose of the Picture Tools Format tab?,6,CO5,BTL4
Nov-Dec 2023,Regular,U11A2OAT,Office Automation Tools,I,Q1,7,"How do you create a chart in Excel, and why are charts useful in a worksheet?",6,CO4,BTL6
Nov-Dec 2023,Regular,U11A2OAT,Office Automation Tools,II,Q2,1,How to insert Header and Footer in MS Word?,6,CO2,BTL3
Nov-Dec 2023,Regular,U11A2OAT,Office Automation Tools,II,Q2,2,Describe Mail Merge in detailed.,6,CO2,BTL6
Nov-Dec 2023,Regular,U11A2OAT,Office Automation Tools,II,Q2,3,Explain Internal and External command in MS DOS with example.,6,CO1,BTL3
Nov-Dec 2023,Regular,U11A2OAT,Office Automation Tools,II,Q3,1,"Short answers: absolute cell reference, freeze panes, sort data, filter feature, SUM function, Wrap Text.",6,CO4,BTL1
Nov-Dec 2023,Regular,U11A2OAT,Office Automation Tools,II,Q3,2,What is the purpose of pivot tables in spreadsheet software?,6,CO3,BTL6
Nov-Dec 2023,Regular,U11A2OAT,Office Automation Tools,II,Q3,3,How can workbook data be sorted? Explain in detail,6,CO4,BTL5
Nov-Dec 2023,Regular,U11A2OAT,Office Automation Tools,II,Q4,1,How can you add hyperlinks to a PowerPoint presentation?,6,CO5,BTL6
Nov-Dec 2023,Regular,U11A2OAT,Office Automation Tools,II,Q4,2,True/False statements related to Microsoft PowerPoint.,6,CO5,BTL2
Nov-Dec 2023,Regular,U11A3WD1,Web Designing-I,I,Q1,1,Elaborate the Internet Service Provider (ISP) in details.,6,CO1,BTL1
Nov-Dec 2023,Regular,U11A3WD1,Web Designing-I,I,Q1,2,State the difference between Static & Dynamic Websites.,6,CO1,BTL1
Nov-Dec 2023,Regular,U11A3WD1,Web Designing-I,I,Q1,3,Explain the Element of List Tag in details with example.,6,CO2,BTL2
Nov-Dec 2023,Regular,U11A3WD1,Web Designing-I,I,Q1,4,Writes a HTML code for the creation of Student registration form.,6,CO2,BTL6
Nov-Dec 2023,Regular,U11A3WD1,Web Designing-I,I,Q1,5,What is CSS? Explain the Types of CSS.,6,CO3,BTL5
Nov-Dec 2023,Regular,U11A3WD1,Web Designing-I,I,Q1,6,What is Landing Page? Explain the importance of Landing page.,6,CO4,BTL5
Nov-Dec 2023,Regular,U11A3WD1,Web Designing-I,I,Q1,7,"What is the basic structure of a JavaScript function, and how do you call a function in your code?",6,CO5,BTL2
Nov-Dec 2023,Regular,U11A3WD1,Web Designing-I,II,Q2,1,What is URL? Explain the structure of URL in brief.,6,CO1,BTL2
Nov-Dec 2023,Regular,U11A3WD1,Web Designing-I,II,Q2,2,Discuss the Text formatting Tags with Example.,6,CO2,BTL6
Nov-Dec 2023,Regular,U11A3WD1,Web Designing-I,II,Q2,3,Explain the Types of Websites in brief.,6,CO1,BTL3
Nov-Dec 2023,Regular,U11A3WD1,Web Designing-I,II,Q3,1,Explain the CSS Box Model with figure.,6,CO3,BTL5
Nov-Dec 2023,Regular,U11A3WD1,Web Designing-I,II,Q3,2,Elaborate the use of Google site with its features.,6,CO4,BTL6
Nov-Dec 2023,Regular,U11A3WD1,Web Designing-I,II,Q3,3,Elaborate the CSS Selectors with example.,6,CO3,BTL6
Nov-Dec 2023,Regular,U11A3WD1,Web Designing-I,II,Q4,1,"What is an object in JavaScript, and how is it different from other data types?",6,CO5,BTL3
Nov-Dec 2023,Regular,U11A3WD1,Web Designing-I,II,Q4,2,Explain the concept of variables and data types in JavaScript. Provide examples of different data types.,6,CO5,BTL5
Nov-Dec 2023,Regular,U11A4IT,Information Technology,I,Q1,1,Illustrate the output device with example.,6,CO1,BTL3
Nov-Dec 2023,Regular,U11A4IT,Information Technology,I,Q1,2,"Define the terms: Scanner, Printer, HDD, Mouse, Keyboard, Pen Drive",6,CO1,BTL2
Nov-Dec 2023,Regular,U11A4IT,Information Technology,I,Q1,3,Explain BIOS in detail.,6,CO2,BTL4
Nov-Dec 2023,Regular,U11A4IT,Information Technology,I,Q1,4,Describe the Generation of Programming Language in details.,6,CO3,BTL4
Nov-Dec 2023,Regular,U11A4IT,Information Technology,I,Q1,5,Illustrate on Scripting language,6,CO3,BTL3
Nov-Dec 2023,Regular,U11A4IT,Information Technology,I,Q1,6,Write a short note on Programmed I/O.,6,CO4,BTL4
Nov-Dec 2023,Regular,U11A4IT,Information Technology,I,Q1,7,Differentiate between RAM and ROM.,6,CO5,BTL5
Nov-Dec 2023,Regular,U11A4IT,Information Technology,II,Q2,1,Classify Block Diagram of Computer with figure.,6,CO1,BTL5
Nov-Dec 2023,Regular,U11A4IT,Information Technology,II,Q2,2,Discuss Internet Access in detail,6,CO2,BTL3
Nov-Dec 2023,Regular,U11A4IT,Information Technology,II,Q2,3,Solve the Disk Cleanup manually.,6,CO2,BTL4
Nov-Dec 2023,Regular,U11A4IT,Information Technology,II,Q3,1,What is Computer Software? Explain types of Software in detail.,6,CO4,BTL3
Nov-Dec 2023,Regular,U11A4IT,Information Technology,II,Q3,2,Classify Low-Level Language in detail,6,CO3,BTL5
Nov-Dec 2023,Regular,U11A4IT,Information Technology,II,Q3,3,Explain Direct Memory Access(DMA) in detail.,6,CO4,BTL4
Nov-Dec 2023,Regular,U11A4IT,Information Technology,II,Q4,1,"Define the following terms: Data Bus, Address Bus, Control Bus",6,CO5,BTL2
Nov-Dec 2023,Regular,U11A4IT,Information Technology,II,Q4,2,Explain Architecture of Micro Processor.,6,CO5,BTL5
Apr-Jun 2024,Remedial,U11A1IP1,Introduction to Programming-I,I,Q1,1,Develop an Algorithm and draw a Flow Chart to find sum of 1 to 10 numbers on the console.,6,CO1,BTL4
Apr-Jun 2024,Remedial,U11A1IP1,Introduction to Programming-I,I,Q1,2,What is Flowchart? Demonstrate various Flowchart Symbols.,6,CO1,BTL3
Apr-Jun 2024,Remedial,U11A1IP1,Introduction to Programming-I,I,Q1,3,Summarize Basic Structure of C Program with example.,6,CO2,BTL2
Apr-Jun 2024,Remedial,U11A1IP1,Introduction to Programming-I,I,Q1,4,Illustrate Features of C Language.,6,CO2,BTL4
Apr-Jun 2024,Remedial,U11A1IP1,Introduction to Programming-I,I,Q1,5,Explain Increment-Decrement and Relational Operators with example.,6,CO2,BTL2
Apr-Jun 2024,Remedial,U11A1IP1,Introduction to Programming-I,I,Q1,6,What is looping? Explain For loop with example.,6,CO4,BTL6
Apr-Jun 2024,Remedial,U11A1IP1,Introduction to Programming-I,I,Q1,7,Assess String manipulation functions with example.,6,CO3,BTL5
Apr-Jun 2024,Remedial,U11A1IP1,Introduction to Programming-I,II,Q2,1,What is Algorithm? List out rules for preparing Algorithm with example.,6,CO1,BTL1
Apr-Jun 2024,Remedial,U11A1IP1,Introduction to Programming-I,II,Q2,2,Explain the rules to define Symbolic Constants.,6,CO2,BTL6
Apr-Jun 2024,Remedial,U11A1IP1,Introduction to Programming-I,II,Q2,3,Discuss Data Types of C Language.,6,CO2,BTL2
Apr-Jun 2024,Remedial,U11A1IP1,Introduction to Programming-I,II,Q3,1,Explain explicit type casting with example.,6,CO3,BTL2
Apr-Jun 2024,Remedial,U11A1IP1,Introduction to Programming-I,II,Q3,2,Compare break and continue statement with example.,6,CO4,BTL5
Apr-Jun 2024,Remedial,U11A1IP1,Introduction to Programming-I,II,Q3,3,Demonstrate else...if ladder with example.,6,CO3,BTL3
Apr-Jun 2024,Remedial,U11A1IP1,Introduction to Programming-I,II,Q4,1,Explain run time initialization of one dimensional array with example.,6,CO3,BTL2
Apr-Jun 2024,Remedial,U11A1IP1,Introduction to Programming-I,II,Q4,2,What is Array? Illustrate types of array.,6,CO2,BTL4
Apr-Jun 2024,Remedial,U11A2OAT,Office Automation Tools,I,Q1,1,Compare and contrast DOS and Windows operating systems.,6,CO1,BTL5
Apr-Jun 2024,Remedial,U11A2OAT,Office Automation Tools,I,Q1,2,Elaborate on the functionality of the DIR command in the command prompt.,6,CO1,BTL5
Apr-Jun 2024,Remedial,U11A2OAT,Office Automation Tools,I,Q1,3,What is MS Office? Illustrate the components comprising MS Office.,6,CO2,BTL4
Apr-Jun 2024,Remedial,U11A2OAT,Office Automation Tools,I,Q1,4,Describe the mathematical functions available in MS Excel and their applications.,6,CO3,BTL3
Apr-Jun 2024,Remedial,U11A2OAT,Office Automation Tools,I,Q1,5,Explain what Excel is and illustrate its various features.,6,CO3,BTL3
Apr-Jun 2024,Remedial,U11A2OAT,Office Automation Tools,I,Q1,6,Write a short note elaborating on Conditional Formatting in spreadsheet applications.,6,CO4,BTL6
Apr-Jun 2024,Remedial,U11A2OAT,Office Automation Tools,I,Q1,7,Describe the data types in MS-Access database management system.,6,CO5,BTL3
Apr-Jun 2024,Remedial,U11A2OAT,Office Automation Tools,II,Q2,1,Describe DOS and elaborate on any five internal commands of DOS.,6,CO1,BTL3
Apr-Jun 2024,Remedial,U11A2OAT,Office Automation Tools,II,Q2,2,Define Mail Merge and illustrate the steps involved in performing Mail Merge in MS Word.,6,CO2,BTL6
Apr-Jun 2024,Remedial,U11A2OAT,Office Automation Tools,II,Q2,3,What is MS Word? Explain its features.,6,CO2,BTL4
Apr-Jun 2024,Remedial,U11A2OAT,Office Automation Tools,II,Q3,1,Elaborate on the database function in MS Excel and compare it with other spreadsheet software.,6,CO3,BTL3
Apr-Jun 2024,Remedial,U11A2OAT,Office Automation Tools,II,Q3,2,Describe MS PowerPoint and illustrate its key features.,6,CO4,BTL5
Apr-Jun 2024,Remedial,U11A2OAT,Office Automation Tools,II,Q3,3,Write a short note describing the concept of Custom Animation.,6,CO4,BTL4
Apr-Jun 2024,Remedial,U11A2OAT,Office Automation Tools,II,Q4,1,Elaborate on MS-Access data types and compare their characteristics.,6,CO5,BTL3
Apr-Jun 2024,Remedial,U11A2OAT,Office Automation Tools,II,Q4,2,Define a database and illustrate the steps involved in creating one using MS-Access.,6,CO5,BTL5
Apr-Jun 2024,Remedial,U11A3WD1,Web Designing-I,I,Q1,1,State the difference between Static & Dynamic Websites.,6,CO1,BTL1
Apr-Jun 2024,Remedial,U11A3WD1,Web Designing-I,I,Q1,2,Explain the Types of Websites with example.,6,CO1,BTL2
Apr-Jun 2024,Remedial,U11A3WD1,Web Designing-I,I,Q1,3,Discuss the text formatting tags with example.,6,CO2,BTL2
Apr-Jun 2024,Remedial,U11A3WD1,Web Designing-I,I,Q1,4,Write HTML Code for Event registration Form.,6,CO2,BTL3
Apr-Jun 2024,Remedial,U11A3WD1,Web Designing-I,I,Q1,5,Describe the CSS Selectors with examples.,6,CO3,BTL4
Apr-Jun 2024,Remedial,U11A3WD1,Web Designing-I,I,Q1,6,Elaborate the JavaScript function with example.,6,CO4,BTL5
Apr-Jun 2024,Remedial,U11A3WD1,Web Designing-I,I,Q1,7,Explain the JavaScript operators in detail.,6,CO5,BTL6
Apr-Jun 2024,Remedial,U11A3WD1,Web Designing-I,II,Q2,1,Elaborate the Web Designing basic Principles in brief.,6,CO1,BTL1
Apr-Jun 2024,Remedial,U11A3WD1,Web Designing-I,II,Q2,2,Write a short note on Internet Service Provider.,6,CO2,BTL2
Apr-Jun 2024,Remedial,U11A3WD1,Web Designing-I,II,Q2,3,Explain the HTML Page Structure in detail.,6,CO2,BTL3
Apr-Jun 2024,Remedial,U11A3WD1,Web Designing-I,II,Q3,1,Discuss the types of CSS in brief.,6,CO3,BTL3
Apr-Jun 2024,Remedial,U11A3WD1,Web Designing-I,II,Q3,2,Explain the importance of Landing page in current Era.,6,CO4,BTL4
Apr-Jun 2024,Remedial,U11A3WD1,Web Designing-I,II,Q3,3,Write steps to create Google Form with different datatypes.,6,CO4,BTL5
Apr-Jun 2024,Remedial,U11A3WD1,Web Designing-I,II,Q4,1,Explain the Features of JavaScript.,6,CO5,BTL5
Apr-Jun 2024,Remedial,U11A3WD1,Web Designing-I,II,Q4,2,State the difference between Client & Server-Side Scripting language.,6,CO5,BTL6
Apr-Jun 2024,Remedial,U11A4IT,Information Technology,I,Q1,1,Elaborate on the number system and discuss one of them.,6,CO1,BTL5
Apr-Jun 2024,Remedial,U11A4IT,Information Technology,I,Q1,2,"Describe a computer block diagram, including a visual representation.",6,CO2,BTL6
Apr-Jun 2024,Remedial,U11A4IT,Information Technology,I,Q1,3,Binary arithmetic operations illustrated with examples.,6,CO1,BTL4
Apr-Jun 2024,Remedial,U11A4IT,Information Technology,I,Q1,4,Describe the concept of booting in operating systems.,6,CO3,BTL3
Apr-Jun 2024,Remedial,U11A4IT,Information Technology,I,Q1,5,What are the essential steps to install an operating system on a computer?,6,CO3,BTL3
Apr-Jun 2024,Remedial,U11A4IT,Information Technology,I,Q1,6,Can you outline the operational principles of a USB port?,6,CO4,BTL4
Apr-Jun 2024,Remedial,U11A4IT,Information Technology,I,Q1,7,Illustrate the differences between machine language and assembly language through examples.,6,CO5,BTL4
Apr-Jun 2024,Remedial,U11A4IT,Information Technology,II,Q2,1,Multiplication using simple method: (110)2*(11)2 and (1100)2*(1101)2,6,CO1,BTL6
Apr-Jun 2024,Remedial,U11A4IT,Information Technology,II,Q2,2,Classify the generations of computers in detail.,6,CO2,BTL4
Apr-Jun 2024,Remedial,U11A4IT,Information Technology,II,Q2,3,Illustrate the input device with example.,6,CO2,BTL3
Apr-Jun 2024,Remedial,U11A4IT,Information Technology,II,Q3,1,How does the installation of drivers impact the performance of hardware components?,6,CO3,BTL4
Apr-Jun 2024,Remedial,U11A4IT,Information Technology,II,Q3,2,"What is programmed I/O, and what role does it play in data transfer operations?",6,CO4,BTL2/BTL4
Apr-Jun 2024,Remedial,U11A4IT,Information Technology,II,Q3,3,Differentiate between data and information in computing contexts.,6,CO4,BTL5
Apr-Jun 2024,Remedial,U11A4IT,Information Technology,II,Q4,1,"Classify programming languages into low-level, high-level, machine language, assembly language, and next-generation language categories.",6,CO5,BTL1
Apr-Jun 2024,Remedial,U11A4IT,Information Technology,II,Q4,2,"Summarize the role of compilers, interpreters, and assemblers in language processing.",6,CO5,BTL4
Nov-Dec 2024,Regular (Honors),U11A1IP1,Introduction to Programming-I,I,Q1,1,What is Algorithm? Discuss rules for preparing Algorithm with example.,5,CO1,BTL4
Nov-Dec 2024,Regular (Honors),U11A1IP1,Introduction to Programming-I,I,Q1,2,Discuss Basic Structure of C Program with example.,5,CO2,BTL5
Nov-Dec 2024,Regular (Honors),U11A1IP1,Introduction to Programming-I,I,Q1,3,How to define Symbolic Constants in C Language? Explain rules to define Symbolic Constants.,5,CO2,BTL5
Nov-Dec 2024,Regular (Honors),U11A1IP1,Introduction to Programming-I,I,Q1,4,What is the use of switch case statement in 'C' language? Explain with proper example.,5,CO4,BTL6
Nov-Dec 2024,Regular (Honors),U11A1IP1,Introduction to Programming-I,I,Q1,5,Explain while loop with proper example.,5,CO4,BTL3
Nov-Dec 2024,Regular (Honors),U11A1IP1,Introduction to Programming-I,I,Q1,6,What is Array? Discuss types of array.,5,CO5,BTL5
Nov-Dec 2024,Regular (Honors),U11A1IP1,Introduction to Programming-I,I,Q1,7,What is Character Array? Explain Declaration and Initialization of String Variables.,5,CO5,BTL6
Nov-Dec 2024,Regular (Honors),U11A1IP1,Introduction to Programming-I,II,Q2,8,Discuss goto statement with example.,3,CO4,BTL2
Nov-Dec 2024,Regular (Honors),U11A1IP1,Introduction to Programming-I,II,Q2,9,What is Variable? How to declare Variable?,3,CO2,BTL1
Nov-Dec 2024,Regular (Honors),U11A1IP1,Introduction to Programming-I,II,Q2,10,Write a C program for calculate a factorial of given number.,3,CO4,BTL6
Nov-Dec 2024,Regular (Honors),U11A1IP1,Introduction to Programming-I,II,Q3,11,Discuss Branching Type of Algorithm with example.,5,CO1,BTL5
Nov-Dec 2024,Regular (Honors),U11A1IP1,Introduction to Programming-I,II,Q4,12,"Write short note on Input/output functions with example [printf(), scanf(), getchar(), putchar()].",4,CO5,BTL5
Nov-Dec 2024,Regular (Honors),U11A1IP1,Introduction to Programming-I,II,Q4,13,What is looping? Explain For loop with proper example.,4,CO4,BTL4
Nov-Dec 2024,Regular (Honors),U11A1IP1,Introduction to Programming-I,II,Q4,14,Write a C program for display a largest number among three numbers.,4,CO4,BTL6
Nov-Dec 2024,Regular (Honors),U11A1IP1,Introduction to Programming-I,II,Q5,15,Discuss compile time initialization of one dimensional array with example.,3,CO5,BTL4
Nov-Dec 2024,Regular (Honors),U11A1IP1,Introduction to Programming-I,II,Q5,16,Explain Logical Operators with example.,3,CO3,BTL5
Nov-Dec 2024,Regular (Honors),U11A1IP1,Introduction to Programming-I,II,Q5,17,Explain Nested if...else statement.,3,CO4,BTL6
Nov-Dec 2024,Regular (Honors),U11A2WD1,Web Designing-I,I,Q1,1,Elaborate the Internet Service Provider (ISP) in details.,5,CO1,BTL3
Nov-Dec 2024,Regular (Honors),U11A2WD1,Web Designing-I,I,Q1,2,"Describe the operation of the alert, confirm and prompt method.",5,CO5,BTL3
Nov-Dec 2024,Regular (Honors),U11A2WD1,Web Designing-I,I,Q1,3,"Explain types of websites (personal, commercial, educational, social media) with examples.",5,CO1,BTL3
Nov-Dec 2024,Regular (Honors),U11A2WD1,Web Designing-I,I,Q1,4,"Explain the basic HTML tags: <p>, <pre>, <br/>, <sub>, <sup>, <b>, <i>, <u>, <hr/>, <em>, <blockquote>, <strong>.",5,CO2,BTL6
Nov-Dec 2024,Regular (Honors),U11A2WD1,Web Designing-I,I,Q1,5,Elaborate the use of Google site with its features.,5,CO4,BTL3
Nov-Dec 2024,Regular (Honors),U11A2WD1,Web Designing-I,I,Q1,6,Explain the table tag and its various attributes with an example.,5,CO2,BTL6
Nov-Dec 2024,Regular (Honors),U11A2WD1,Web Designing-I,I,Q1,7,Explain the style specification formats of various level style sheet in CSS.,5,CO3,BTL6
Nov-Dec 2024,Regular (Honors),U11A2WD1,Web Designing-I,II,Q2,8,Discuss the Web Designing Principles in brief.,3,CO1,BTL1
Nov-Dec 2024,Regular (Honors),U11A2WD1,Web Designing-I,II,Q2,9,Explain any five types of selectors in CSS.,3,CO3,BTL3
Nov-Dec 2024,Regular (Honors),U11A2WD1,Web Designing-I,II,Q2,10,Explain the different font properties in detail.,3,CO2,BTL2
Nov-Dec 2024,Regular (Honors),U11A2WD1,Web Designing-I,II,Q3,11,Explain the various controls used in designing the form with one example With CSS.,5,CO2/CO3,BTL6
Nov-Dec 2024,Regular (Honors),U11A2WD1,Web Designing-I,II,Q4,12,"Explain the concept of scope in JavaScript with respect to var, let, and const.",4,CO5,BTL3
Nov-Dec 2024,Regular (Honors),U11A2WD1,Web Designing-I,II,Q4,13,What is Landing Page? Explain the importance of Landing page.,4,CO4,BTL4
Nov-Dec 2024,Regular (Honors),U11A2WD1,Web Designing-I,II,Q4,14,Explain the CSS Box Model with figure.,4,CO3,BTL3
Nov-Dec 2024,Regular (Honors),U11A2WD1,Web Designing-I,II,Q5,15,"Explain the basics Advantages of JavaScript, including its syntax, data types, functions and scope.",3,CO5,BTL2
Nov-Dec 2024,Regular (Honors),U11A2WD1,Web Designing-I,II,Q5,16,Explain the CSS color property with example.,3,CO3,BTL3
Nov-Dec 2024,Regular (Honors),U11A2WD1,Web Designing-I,II,Q5,17,"Write a note on JavaScript operators. Discuss different types (arithmetic, comparison, logical).",3,CO5,BTL3
Nov-Dec 2024,Regular (Honors),U11B3OAT,Office Automation Tools,I,Q1,1,Analyze the difference between internal and external DOS commands with examples.,5,CO1,BTL4
Nov-Dec 2024,Regular (Honors),U11B3OAT,Office Automation Tools,I,Q1,2,Explain the use of Mail Merge and explain with example.,5,CO2,BTL3
Nov-Dec 2024,Regular (Honors),U11B3OAT,Office Automation Tools,I,Q1,3,What are the uses of charts in Excel? Provide an explanation with an example.,5,CO3,BTL6
Nov-Dec 2024,Regular (Honors),U11B3OAT,Office Automation Tools,I,Q1,4,Explain the use of pivot tables in Excel and provide an example of how they summarize data.,5,CO4,BTL5
Nov-Dec 2024,Regular (Honors),U11B3OAT,Office Automation Tools,I,Q1,5,"How does the Freeze Panes feature work, and why is it useful in large datasets?",5,CO4,BTL4
Nov-Dec 2024,Regular (Honors),U11B3OAT,Office Automation Tools,I,Q1,6,What are the basic features of Google Docs that make it an effective tool for document creation?,5,CO5,BTL5
Nov-Dec 2024,Regular (Honors),U11B3OAT,Office Automation Tools,I,Q1,7,Describe how to apply slide transitions and custom animations in PowerPoint.,5,CO5,BTL3
Nov-Dec 2024,Regular (Honors),U11B3OAT,Office Automation Tools,II,Q2,8,Explain the applications of word processing in various fields.,3,CO2,BTL4
Nov-Dec 2024,Regular (Honors),U11B3OAT,Office Automation Tools,II,Q2,9,What are the key benefits of using Excel for data management and analysis?,3,CO3,BTL4
Nov-Dec 2024,Regular (Honors),U11B3OAT,Office Automation Tools,II,Q2,10,What is the purpose of using statistical functions in Excel?,3,CO4,BTL5
Nov-Dec 2024,Regular (Honors),U11B3OAT,Office Automation Tools,II,Q3,11,How do you set up a slideshow in PowerPoint for a smooth presentation?,5,CO5,BTL6
Nov-Dec 2024,Regular (Honors),U11B3OAT,Office Automation Tools,II,Q4,12,Explain the differences between CUI and GUI.,4,CO1,BTL4
Nov-Dec 2024,Regular (Honors),U11B3OAT,Office Automation Tools,II,Q4,13,How do you insert a table into a Word document?,4,CO2,BTL3
Nov-Dec 2024,Regular (Honors),U11B3OAT,Office Automation Tools,II,Q4,14,How to create a batch file? Discuss with an example,4,CO1,BTL6
Nov-Dec 2024,Regular (Honors),U11B3OAT,Office Automation Tools,II,Q5,15,Describe the process of sorting and filtering data in a worksheet to analyze information effectively.,3,CO3,BTL4
Nov-Dec 2024,Regular (Honors),U11B3OAT,Office Automation Tools,II,Q5,16,How do you upload a file to Google Drive and share it with others?,3,CO5,BTL3
Nov-Dec 2024,Regular (Honors),U11B3OAT,Office Automation Tools,II,Q5,17,"Explain the difference between relative, absolute, and mixed addressing modes in Excel.",3,CO3,BTL4
Nov-Dec 2024,Regular (Honors),U11C4FM,Fundamental of Mathematics,I,Q1,1,"Who was Swamishree Krishnatirthaji, and what is his contribution to mathematics?",5,CO1,BTL1
Nov-Dec 2024,Regular (Honors),U11C4FM,Fundamental of Mathematics,I,Q1,2,"What is a digital root, and how is it calculated?",5,CO2,BTL2
Nov-Dec 2024,Regular (Honors),U11C4FM,Fundamental of Mathematics,I,Q1,3,"What are the Sutras of Vedic Mathematics, and how are they useful?",5,CO1/CO2,BTL1
Nov-Dec 2024,Regular (Honors),U11C4FM,Fundamental of Mathematics,I,Q1,4,Multiply 995x1005 using Nikhilam Sutra.,5,CO3,BTL3
Nov-Dec 2024,Regular (Honors),U11C4FM,Fundamental of Mathematics,I,Q1,5,Find addition of polynomials x2+x+1 and x3-x-2.,5,CO5,BTL5
Nov-Dec 2024,Regular (Honors),U11C4FM,Fundamental of Mathematics,I,Q1,6,Solve following bivariant linear equations: 6x+7y=8 and 19x+14y=16,5,CO4/CO5,BTL5
Nov-Dec 2024,Regular (Honors),U11C4FM,Fundamental of Mathematics,I,Q1,7,Factorize polynomial use the concept of Lopana Sthapnabyam.,5,CO4,BTL6
Nov-Dec 2024,Regular (Honors),U11C4FM,Fundamental of Mathematics,II,Q2,8,Square 89 using a Vedic Mathematics method.,3,CO3,BTL3
Nov-Dec 2024,Regular (Honors),U11C4FM,Fundamental of Mathematics,II,Q2,9,Use the Nikhilam Sutra method to multiply 108x107.,3,CO3,BTL3
Nov-Dec 2024,Regular (Honors),U11C4FM,Fundamental of Mathematics,II,Q2,10,Factorize the polynomial 2x3-3x2+1.,3,CO3/CO4,BTL3
Nov-Dec 2024,Regular (Honors),U11C4FM,Fundamental of Mathematics,II,Q3,11,How does the Urdhva-Tiryagbyam method simplify multiplication?,5,CO3/CO4,BTL4
Nov-Dec 2024,Regular (Honors),U11C4FM,Fundamental of Mathematics,II,Q4,12,Highlight the significance of mathematics in the Vedas.,4,CO1/CO2,BTL1
Nov-Dec 2024,Regular (Honors),U11C4FM,Fundamental of Mathematics,II,Q4,13,Factorize quartile 8x2-22x+5 use the concept of Anurupyena and Adyamayenantyamanteya.,4,CO4,BTL4
Nov-Dec 2024,Regular (Honors),U11C4FM,Fundamental of Mathematics,II,Q4,14,"Find LCM(10,20,30) and HCF(10,20,30).",4,CO4/CO5,BTL4
Nov-Dec 2024,Regular (Honors),U11C4FM,Fundamental of Mathematics,II,Q5,15,Square 91 using Sankaln-Vyavakalanabhyam.,3,CO3,BTL4
Nov-Dec 2024,Regular (Honors),U11C4FM,Fundamental of Mathematics,II,Q5,16,Subtract x2-2 from x4+x2+1.,3,CO3/CO4,BTL3
Nov-Dec 2024,Regular (Honors),U11C4FM,Fundamental of Mathematics,II,Q5,17,Solve: 2/(2x+3) + 3/(3x+2) = 1/(x+1) + 6/(6x+7).,3,CO4/CO5,BTL3
Nov-Dec 2024,Regular (Honors),U11D5CS,Communication Skills,I,Q1,1,Define the term communication. Differentiate between formal and informal communication.,5,CO1,BTL1
Nov-Dec 2024,Regular (Honors),U11D5CS,Communication Skills,I,Q1,2,Explain remedies to overcome communication barriers.,5,CO1,BTL1
Nov-Dec 2024,Regular (Honors),U11D5CS,Communication Skills,II,Q3,5,Describe the process of listening and differentiate between listening and hearing.,5,CO3,BTL3
Nov-Dec 2024,Regular (Honors),U11D5CS,Communication Skills,II,Q3,6,Explain how TED Talks can help improve listening skills.,5,CO3,BTL3
Nov-Dec 2024,Regular (Honors),U11D5CS,Communication Skills,II,Q4,7,Define reading. Explain the types of reading with examples.,5,CO4,BTL3
Nov-Dec 2024,Regular (Honors),U11D5CS,Communication Skills,II,Q4,8,Explain techniques for effective reading comprehension.,5,CO4,BTL4
Nov-Dec 2024,Regular (Honors),U11D5CS,Communication Skills,II,Q5,9,Draft a conversation between a parent and a teenager about balancing screen time and studies.,5,CO5,BTL6
Nov-Dec 2024,Regular (Honors),U11D5CS,Communication Skills,II,Q5,10,Draft a conversation between two friends debugging a code and discussing possible solutions.,5,CO5,BTL6
Nov-Dec 2024,Regular (Honors),U11E6CMT,Computer Maintenance and Troubleshooting,I,Q1,1,What is Computer? computer hardware components with their function.,5,CO1,BTL2
Nov-Dec 2024,Regular (Honors),U11E6CMT,Computer Maintenance and Troubleshooting,I,Q1,2,"What is BIOS/UEFI, and how does it help fix computer problems?",5,CO2,BTL3
Nov-Dec 2024,Regular (Honors),U11E6CMT,Computer Maintenance and Troubleshooting,II,Q2,3,How can you use system tools to check if your computer is working properly?,5,CO2,BTL4
Nov-Dec 2024,Regular (Honors),U11E6CMT,Computer Maintenance and Troubleshooting,II,Q2,4,"What is file management, and why do we need it in a computer?",5,CO3,BTL5
Nov-Dec 2024,Regular (Honors),U11E6CMT,Computer Maintenance and Troubleshooting,II,Q3,5,"What is a motherboard, and why is it important in a computer?",5,CO3,BTL3
Nov-Dec 2024,Regular (Honors),U11E6CMT,Computer Maintenance and Troubleshooting,II,Q3,6,Why is disk cleanup important for your computer?,5,CO4,BTL5
Nov-Dec 2024,Regular (Honors),U11E6CMT,Computer Maintenance and Troubleshooting,II,Q4,7,"What is memory management, and why is it important for your computer's performance?",5,CO5,BTL4
Nov-Dec 2024,Regular (Honors),U11E6CMT,Computer Maintenance and Troubleshooting,II,Q4,8,What is the difference between LAN and WAN? Give an example of each.,5,CO1,BTL3
Nov-Dec 2024,Regular (Honors),U11E6CMT,Computer Maintenance and Troubleshooting,II,Q5,9,Why is it important to use strong passwords?,5,CO4,BTL2
Nov-Dec 2024,Regular (Honors),U11E6CMT,Computer Maintenance and Troubleshooting,II,Q5,10,Difference between RAM and ROM,5,CO5,BTL4
Nov-Dec 2024,Regular (Honors),U11F7PMB,Principles of Management in Bhagavad Gita,I,Q1,1,"What are the key principles covered in the Eighteen Chapters, and how do they guide life management?",5,CO1,BTL3
Nov-Dec 2024,Regular (Honors),U11F7PMB,Principles of Management in Bhagavad Gita,II,Q2,2,How can the teachings of the Bhagavad Gita be applied to improve work-life balance and enhance work efficiency?,5,CO2,BTL3
Nov-Dec 2024,Regular (Honors),U11F7PMB,Principles of Management in Bhagavad Gita,II,Q3,3,"Discuss in detail about Ethical decision making, Strategic thinking in Shrimad Bhagavat Gita.",5,CO3,BTL4
Nov-Dec 2024,Regular (Honors),U11F7PMB,Principles of Management in Bhagavad Gita,II,Q4,4,What is the connection between the teachings of the Bhagavad Gita and management practices?,5,CO4,BTL4
Nov-Dec 2024,Regular (Honors),U11F7PMB,Principles of Management in Bhagavad Gita,II,Q5,5,How does the Bhagavad Gita provide value education for young leaders?,5,CO5,BTL3
